{"stats":{"minecraft:crafted":{"biomesoplenty:mahogany_planks":6},"minecraft:used":{"minecraft:stone_sword":2,"minecraft:stone_pickaxe":95,"minecraft:stone_axe":29,"farmersdelight:onion":1,"minecraft:cobblestone":44,"minecraft:terracotta":2,"alexsmobs:animal_dictionary":2},"minecraft:mined":{"farmersdelight:wild_onions":1,"biomesoplenty:mahogany_log":1,"minecraft:iron_ore":7,"minecraft:grass":5,"minecraft:allium":4,"minecraft:coal_ore":19,"minecraft:oak_log":3,"minecraft:cocoa":3,"minecraft:rose_bush":4,"minecraft:jungle_log":3,"minecraft:cobblestone":6,"minecraft:terracotta":6,"minecraft:stone":56,"minecraft:oak_leaves":5,"biomesoplenty:goldenrod":1},"minecraft:dropped":{"minecraft:cobblestone":124},"minecraft:picked_up":{"minecraft:cocoa_beans":9,"minecraft:allium":9,"minecraft:raw_iron":10,"minecraft:jungle_door":1,"minecraft:jungle_log":3,"biomesoplenty:goldenrod":1,"minecraft:oak_log":3,"biomesoplenty:mahogany_log":2,"minecraft:stone_sword":1,"minecraft:stone_axe":1,"minecraft:wheat_seeds":1,"farmersdelight:onion":1,"minecraft:stone_pickaxe":1,"minecraft:rose_bush":4,"minecraft:poppy":1,"minecraft:terracotta":6,"minecraft:oak_sapling":1,"biomesoplenty:mahogany_planks":1,"minecraft:coal":19,"minecraft:furnace":1,"minecraft:cobblestone":197},"minecraft:killed":{"minecraft:bee":1},"minecraft:custom":{"minecraft:time_since_rest":164600,"minecraft:interact_with_furnace":1,"minecraft:sprint_one_cm":47906,"minecraft:damage_taken":130,"minecraft:walk_one_cm":260720,"minecraft:mob_kills":1,"minecraft:drop":2,"minecraft:damage_dealt":104,"minecraft:fly_one_cm":5271,"minecraft:crouch_one_cm":3122,"minecraft:play_time":164600,"minecraft:sneak_time":691,"minecraft:jump":314,"minecraft:leave_game":3,"minecraft:time_since_death":164600,"minecraft:climb_one_cm":214,"minecraft:total_world_time":164600,"minecraft:fall_one_cm":7941}},"DataVersion":3120}