{"stats":{"minecraft:crafted":{"biomesoplenty:mahogany_planks":6},"minecraft:used":{"minecraft:stone_axe":4,"minecraft:cobblestone":7,"minecraft:terracotta":2,"minecraft:stone_pickaxe":86,"alexsmobs:animal_dictionary":2},"minecraft:mined":{"minecraft:coal_ore":16,"minecraft:jungle_log":3,"biomesoplenty:mahogany_log":1,"minecraft:iron_ore":6,"minecraft:cobblestone":2,"minecraft:terracotta":6,"minecraft:stone":55},"minecraft:picked_up":{"minecraft:raw_iron":8,"biomesoplenty:mahogany_log":2,"minecraft:stone_sword":1,"minecraft:jungle_log":3,"minecraft:stone_axe":1,"minecraft:stone_pickaxe":1,"minecraft:terracotta":6,"minecraft:coal":16,"minecraft:cobblestone":126},"minecraft:custom":{"minecraft:time_since_rest":110600,"minecraft:damage_taken":100,"minecraft:crouch_one_cm":1974,"minecraft:play_time":110600,"minecraft:sprint_one_cm":1669,"minecraft:walk_one_cm":146176,"minecraft:sneak_time":541,"minecraft:jump":136,"minecraft:leave_game":3,"minecraft:time_since_death":110600,"minecraft:total_world_time":110600,"minecraft:climb_one_cm":214,"minecraft:fall_one_cm":4396,"minecraft:fly_one_cm":278}},"DataVersion":3120}