{"stats":{"minecraft:crafted":{"biomesoplenty:mahogany_planks":6},"minecraft:used":{"minecraft:stone_sword":2,"minecraft:stone_pickaxe":94,"minecraft:stone_axe":12,"farmersdelight:onion":1,"minecraft:cobblestone":12,"minecraft:terracotta":2,"alexsmobs:animal_dictionary":2},"minecraft:mined":{"farmersdelight:wild_onions":1,"biomesoplenty:mahogany_log":1,"minecraft:iron_ore":7,"minecraft:allium":4,"minecraft:coal_ore":19,"minecraft:oak_log":3,"minecraft:jungle_log":3,"minecraft:cobblestone":5,"minecraft:terracotta":6,"minecraft:stone":56,"minecraft:oak_leaves":1},"minecraft:dropped":{"minecraft:cobblestone":124},"minecraft:picked_up":{"minecraft:allium":9,"minecraft:raw_iron":10,"minecraft:jungle_door":1,"minecraft:jungle_log":3,"minecraft:oak_log":3,"biomesoplenty:mahogany_log":2,"minecraft:stone_sword":1,"minecraft:stone_axe":1,"farmersdelight:onion":1,"minecraft:stone_pickaxe":1,"minecraft:terracotta":6,"minecraft:oak_sapling":1,"minecraft:coal":19,"minecraft:cobblestone":196},"minecraft:killed":{"minecraft:bee":1},"minecraft:custom":{"minecraft:time_since_rest":146600,"minecraft:interact_with_furnace":1,"minecraft:sprint_one_cm":26004,"minecraft:damage_taken":100,"minecraft:walk_one_cm":210533,"minecraft:mob_kills":1,"minecraft:drop":2,"minecraft:damage_dealt":104,"minecraft:fly_one_cm":2778,"minecraft:crouch_one_cm":2663,"minecraft:play_time":146600,"minecraft:sneak_time":635,"minecraft:jump":183,"minecraft:leave_game":3,"minecraft:time_since_death":146600,"minecraft:climb_one_cm":214,"minecraft:total_world_time":146600,"minecraft:fall_one_cm":5083}},"DataVersion":3120}