{"stats":{"minecraft:crafted":{"biomesoplenty:mahogany_planks":6,"minecraft:torch":6},"minecraft:used":{"minecraft:stone_sword":4,"minecraft:stone_pickaxe":111,"minecraft:torch":1,"minecraft:stone_axe":29,"farmersdelight:onion":1,"minecraft:cobblestone":49,"minecraft:terracotta":2,"alexsmobs:animal_dictionary":2},"minecraft:mined":{"farmersdelight:wild_onions":1,"biomesoplenty:mahogany_log":1,"minecraft:iron_ore":7,"minecraft:jungle_leaves":1,"minecraft:grass":5,"minecraft:allium":4,"minecraft:oak_log":3,"minecraft:coal_ore":21,"minecraft:cocoa":5,"minecraft:jungle_log":3,"minecraft:rose_bush":4,"minecraft:cobblestone":6,"minecraft:terracotta":6,"minecraft:stone":66,"minecraft:oak_leaves":9,"biomesoplenty:goldenrod":1},"minecraft:dropped":{"minecraft:cobblestone":124},"minecraft:picked_up":{"minecraft:cocoa_beans":15,"minecraft:stick":2,"minecraft:raw_iron":10,"minecraft:allium":9,"minecraft:jungle_door":1,"minecraft:jungle_log":3,"biomesoplenty:goldenrod":1,"minecraft:oak_log":3,"biomesoplenty:mahogany_log":2,"minecraft:stone_sword":1,"minecraft:rotten_flesh":1,"minecraft:stone_axe":1,"minecraft:wheat_seeds":1,"farmersdelight:onion":1,"minecraft:stone_pickaxe":1,"minecraft:rose_bush":4,"minecraft:poppy":1,"minecraft:terracotta":6,"minecraft:oak_sapling":1,"minecraft:mutton":2,"biomesoplenty:mahogany_planks":1,"minecraft:coal":21,"minecraft:furnace":1,"minecraft:white_wool":1,"minecraft:cobblestone":207},"minecraft:killed":{"minecraft:sheep":1,"minecraft:bee":1},"minecraft:custom":{"minecraft:time_since_rest":179997,"minecraft:interact_with_furnace":1,"minecraft:sprint_one_cm":47906,"minecraft:damage_taken":150,"minecraft:walk_one_cm":336400,"minecraft:mob_kills":2,"minecraft:drop":2,"minecraft:damage_dealt":184,"minecraft:fly_one_cm":5297,"minecraft:crouch_one_cm":4413,"minecraft:play_time":179997,"minecraft:sneak_time":960,"minecraft:jump":524,"minecraft:leave_game":5,"minecraft:time_since_death":179997,"minecraft:total_world_time":179997,"minecraft:climb_one_cm":955,"minecraft:fall_one_cm":8903}},"DataVersion":3120}