{"stats":{"minecraft:killed_by":{"man:managgresive":2,"minecraft:skeleton":2,"minecraft:zombie":1},"minecraft:used":{"minecraft:oak_fence":29,"biomesoplenty:mahogany_planks":13,"minecraft:moss_carpet":4,"minecraft:stone_sword":72,"minecraft:iron_shovel":117,"biomesoplenty:mahogany_slab":148,"minecraft:ladder":42,"immersiveengineering:seed":14,"minecraft:chest":4,"minecraft:iron_sword":69,"minecraft:cooked_chicken":3,"minecraft:rotten_flesh":1,"minecraft:oak_door":1,"minecraft:torch":50,"minecraft:dirt":264,"macawsbridgesbop:mahogany_log_bridge_stair":24,"minecraft:granite":5,"macawsbridgesbop:mahogany_rail_bridge":86,"biomesoplenty:mahogany_stairs":2,"minecraft:wooden_axe":7,"minecraft:iron_hoe":51,"alexsmobs:maggot":2,"immersiveengineering:windmill":1,"mcwlights:cross_wall_lantern":2,"immersiveengineering:workbench":2,"minecraft:iron_axe":483,"minecraft:oak_stairs":5,"minecraft:polished_andesite_stairs":3,"minecraft:melon_seeds":20,"mcwlights:cross_lantern":18,"minecraft:furnace":3,"minecraft:cooked_beef":8,"immersiveengineering:chute_copper":1,"minecraft:pointed_dripstone":1,"minecraft:wheat_seeds":18,"minecraft:water_bucket":19,"immersiveengineering:chute_iron":2,"minecraft:stone_pickaxe":132,"minecraft:polished_andesite":123,"minecraft:oak_planks":67,"biomesoplenty:mahogany_trapdoor":4,"mcwroofs:stone_upper_steep_roof":1,"minecraft:wooden_pickaxe":3,"minecraft:stonecutter":1,"biomesoplenty:mahogany_log":5,"minecraft:glow_berries":2,"minecraft:crafting_table":10,"minecraft:dripstone_block":1,"ad_astra:solar_panel":1,"minecraft:apple":1,"mcwroofs:stone_upper_lower_roof":12,"minecraft:melon_slice":109,"minecraft:iron_pickaxe":850,"mcwroofs:stone_top_roof":61,"naturalist:glow_goop":1,"mcwroofs:stone_lower_roof":46,"minecraft:stone_axe":9,"biomesoplenty:toadstool_block":1,"minecraft:polished_andesite_slab":1,"macawsbridgesbop:mahogany_log_bridge_middle":169,"ad_astra:sky_stone":1,"minecraft:cobblestone":263,"minecraft:andesite":1,"minecraft:bucket":19,"mcwbridges:oak_bridge_pier":143},"minecraft:killed":{"minecraft:spider":12,"minecraft:skeleton":6,"minecraft:chicken":3,"naturalist:firefly":1,"minecraft:creeper":2,"minecraft:zombie":15,"alexsmobs:fly":1,"minecraft:cow":3},"minecraft:picked_up":{"minecraft:wooden_axe":2,"minecraft:cocoa_beans":12,"minecraft:crafting_table":7,"minecraft:wheat":9,"macawsbridgesbop:mahogany_log_bridge_stair":6,"minecraft:chicken":3,"minecraft:ladder":4,"minecraft:clay_ball":72,"minecraft:oak_stairs":5,"macawsbridgesbop:mahogany_log_bridge_middle":62,"gravestone:obituary":7,"ad_astra:sky_stone":1,"minecraft:raw_copper":60,"minecraft:string":19,"minecraft:moss_carpet":4,"mcwbridges:oak_bridge_pier":7,"minecraft:cobbled_deepslate":20,"minecraft:bucket":2,"minecraft:beef":8,"mcwroofs:stone_upper_lower_roof":11,"minecraft:iron_pickaxe":5,"minecraft:melon_slice":222,"minecraft:chest":1,"minecraft:birch_sapling":1,"minecraft:furnace":2,"minecraft:stick":7,"minecraft:raw_iron":252,"minecraft:oak_fence":3,"minecraft:torch":32,"minecraft:pointed_dripstone":2,"mcwlights:cross_wall_lantern":2,"minecraft:redstone":24,"minecraft:stone_sword":1,"minecraft:arrow":12,"minecraft:rotten_flesh":22,"biomesoplenty:mahogany_stairs":2,"minecraft:glow_berries":1,"biomesoplenty:mahogany_trapdoor":2,"minecraft:cobblestone":448,"mcwroofs:stone_upper_steep_roof":1,"minecraft:birch_log":2,"minecraft:feather":3,"minecraft:andesite":89,"minecraft:leather":4,"mcwlights:cross_lantern":6,"minecraft:oak_log":175,"minecraft:lapis_lazuli":4,"minecraft:dirt":264,"man:cassette_1safetyinstructions":1,"naturalist:glow_goop":1,"biomesoplenty:mahogany_slab":27,"immersiveengineering:hemp_fiber":7,"minecraft:bone":11,"minecraft:apple":1,"minecraft:wheat_seeds":33,"minecraft:spore_blossom":1,"minecraft:iron_ingot":56,"minecraft:moss_block":11,"minecraft:polished_andesite_slab":1,"minecraft:oak_planks":5,"biomesoplenty:mahogany_planks":10,"mcwroofs:stone_top_roof":5,"minecraft:polished_andesite_stairs":3,"minecraft:pumpkin":12,"patchouli:guide_book":1,"minecraft:dripstone_block":1,"immersiveengineering:raw_aluminum":8,"minecraft:spider_eye":4,"alexsmobs:animal_dictionary":1,"macawsbridgesbop:mahogany_rail_bridge":25,"biomesoplenty:mahogany_log":102,"minecraft:polished_andesite":60,"immersiveengineering:seed":19,"minecraft:stone_axe":1,"minecraft:granite":5,"minecraft:emerald":7,"minecraft:terracotta":10,"alexsmobs:maggot":2,"minecraft:oak_sapling":6,"minecraft:coal":122},"minecraft:custom":{"minecraft:mob_kills":43,"minecraft:interact_with_crafting_table":75,"minecraft:leave_game":7,"minecraft:time_since_death":153932,"minecraft:climb_one_cm":25668,"minecraft:sprint_one_cm":487135,"minecraft:walk_one_cm":636687,"minecraft:drop":10,"minecraft:play_time":291435,"minecraft:sneak_time":10020,"minecraft:deaths":6,"minecraft:walk_under_water_one_cm":10503,"minecraft:jump":4733,"minecraft:walk_on_water_one_cm":26768,"minecraft:total_world_time":291571,"minecraft:interact_with_furnace":29,"minecraft:interact_with_stonecutter":16,"minecraft:time_since_rest":154003,"minecraft:damage_taken":3548,"minecraft:damage_dealt":7473,"minecraft:swim_one_cm":95277,"minecraft:fly_one_cm":623392,"minecraft:open_chest":75,"minecraft:crouch_one_cm":40816,"minecraft:fall_one_cm":136227},"minecraft:crafted":{"minecraft:oak_door":3,"minecraft:oak_planks":332,"biomesoplenty:mahogany_fence":132,"mcwlights:cross_lantern":18,"minecraft:iron_nugget":72,"mcwroofs:stone_top_roof":9,"biomesoplenty:mahogany_planks":388,"minecraft:cooked_chicken":3,"macawsbridgesbop:mahogany_log_bridge_middle":128,"minecraft:furnace":1,"mcwbridges:oak_bridge_pier":138,"minecraft:stone":107,"biomesoplenty:mahogany_slab":294,"mcwroofs:stone_upper_lower_roof":1,"minecraft:polished_andesite_slab":6,"minecraft:iron_boots":1,"minecraft:polished_deepslate":20,"minecraft:iron_axe":2,"minecraft:ladder":39,"minecraft:melon_seeds":32,"minecraft:iron_hoe":1,"minecraft:stone_pickaxe":1,"minecraft:chest":3,"biomesoplenty:mahogany_stairs":4,"minecraft:oak_fence":84,"minecraft:cooked_beef":8,"minecraft:crafting_table":4,"macawsbridgesbop:mahogany_rail_bridge":64,"minecraft:wooden_pickaxe":1,"minecraft:iron_helmet":1,"minecraft:iron_sword":1,"minecraft:bucket":2,"minecraft:birch_planks":8,"minecraft:stone_axe":1,"minecraft:air":0,"minecraft:iron_chestplate":1,"mcwroofs:stone_lower_roof":1,"minecraft:stick":280,"minecraft:iron_pickaxe":5,"minecraft:iron_ingot":56,"minecraft:oak_stairs":4,"minecraft:wooden_axe":2,"minecraft:stone_sword":1,"minecraft:iron_shovel":1,"minecraft:iron_leggings":1,"minecraft:stonecutter":1,"mcwlights:cross_wall_lantern":6,"biomesoplenty:mahogany_trapdoor":2,"minecraft:torch":68,"mcwroofs:stone_upper_steep_roof":1,"macawsbridgesbop:mahogany_log_bridge_stair":18,"minecraft:polished_andesite":88},"minecraft:mined":{"mcwbridges:oak_bridge_pier":7,"minecraft:sculk_vein":4,"mcwroofs:stone_upper_lower_roof":11,"minecraft:glow_lichen":2,"gravestone:gravestone":6,"minecraft:ladder":4,"minecraft:granite":5,"minecraft:grass_block":105,"minecraft:polished_andesite_slab":1,"minecraft:spore_blossom":1,"mcwroofs:stone_upper_steep_roof":1,"minecraft:redstone_ore":5,"minecraft:furnace":2,"immersiveengineering:hemp":3,"minecraft:iron_ore":188,"minecraft:andesite":89,"minecraft:pumpkin":12,"mcwroofs:stone_top_roof":5,"minecraft:pointed_dripstone":2,"minecraft:cave_vines":3,"biomesoplenty:mahogany_leaves":5,"minecraft:oak_stairs":5,"minecraft:stone":408,"ad_astra:sky_stone":1,"immersiveengineering:ore_aluminum":8,"macawsbridgesbop:mahogany_log_bridge_stair":6,"minecraft:clay":18,"minecraft:oak_fence":3,"minecraft:crafting_table":6,"minecraft:torch":12,"minecraft:emerald_ore":4,"minecraft:melon":48,"minecraft:polished_andesite_stairs":3,"biomesoplenty:mahogany_planks":13,"minecraft:chest":1,"minecraft:copper_ore":19,"minecraft:tall_grass":7,"minecraft:cobblestone":23,"biomesoplenty:sprout":2,"minecraft:lapis_ore":1,"minecraft:oak_planks":5,"biomesoplenty:mahogany_slab":28,"minecraft:sculk":5,"minecraft:wall_torch":19,"biomesoplenty:mahogany_trapdoor":2,"macawsbridgesbop:mahogany_rail_bridge":28,"macawsbridgesbop:mahogany_log_bridge_middle":63,"biomesoplenty:mahogany_log":109,"minecraft:wheat":8,"mcwlights:cross_wall_lantern":2,"minecraft:birch_leaves":3,"minecraft:grass":65,"biomesoplenty:mahogany_stairs":2,"minecraft:oak_log":176,"minecraft:coal_ore":113,"minecraft:cocoa":3,"minecraft:dripstone_block":1,"minecraft:dirt":72,"minecraft:polished_andesite":62,"mcwlights:cross_lantern":6,"minecraft:oak_leaves":73,"minecraft:deepslate":20,"minecraft:fern":9},"minecraft:dropped":{"gravestone:obituary":2,"minecraft:iron_pickaxe":2,"minecraft:bucket":2,"minecraft:wheat":1,"minecraft:pointed_dripstone":1,"minecraft:melon_seeds":12,"minecraft:ladder":1},"minecraft:broken":{"minecraft:stone_pickaxe":1,"minecraft:iron_axe":1,"minecraft:iron_pickaxe":3}},"DataVersion":3120}