{"stats":{"minecraft:crafted":{"minecraft:oak_planks":12,"minecraft:wooden_shovel":1,"minecraft:cobblestone_stairs":4,"minecraft:crafting_table":1,"minecraft:stick":8,"minecraft:wooden_pickaxe":1,"minecraft:jungle_planks":52,"minecraft:wooden_axe":1},"minecraft:picked_up":{"minecraft:crafting_table":1,"minecraft:jungle_log":13,"minecraft:oak_log":3,"minecraft:dirt":2,"minecraft:cobblestone":26},"minecraft:custom":{"minecraft:open_chest":2,"minecraft:time_since_rest":5768,"minecraft:crouch_one_cm":311,"minecraft:play_time":5768,"minecraft:sprint_one_cm":9603,"minecraft:damage_taken":30,"minecraft:walk_one_cm":10853,"minecraft:walk_under_water_one_cm":88,"minecraft:sneak_time":39,"minecraft:jump":92,"minecraft:leave_game":1,"minecraft:walk_on_water_one_cm":142,"minecraft:time_since_death":5768,"minecraft:total_world_time":5768,"minecraft:climb_one_cm":375,"minecraft:swim_one_cm":3101,"minecraft:fall_one_cm":3100,"minecraft:interact_with_crafting_table":3,"minecraft:fly_one_cm":15518},"minecraft:used":{"minecraft:wooden_axe":18,"minecraft:cobblestone_stairs":2,"minecraft:crafting_table":2,"minecraft:wooden_pickaxe":26,"minecraft:wooden_shovel":2},"minecraft:mined":{"minecraft:grass_block":2,"minecraft:oak_log":3,"minecraft:vine":2,"minecraft:jungle_log":15,"minecraft:stone":26,"minecraft:crafting_table":1}},"DataVersion":3465}