{"stats":{"minecraft:picked_up":{"minecraft:crafting_table":1,"minecraft:jungle_log":13,"minecraft:oak_log":3,"minecraft:dirt":2,"minecraft:cobblestone":26},"minecraft:used":{"minecraft:wooden_axe":18,"minecraft:cobblestone_stairs":2,"minecraft:crafting_table":2,"minecraft:wooden_pickaxe":26,"minecraft:wooden_shovel":2},"minecraft:crafted":{"minecraft:oak_planks":12,"minecraft:wooden_shovel":1,"minecraft:cobblestone_stairs":4,"minecraft:crafting_table":1,"minecraft:stick":8,"minecraft:wooden_pickaxe":1,"minecraft:jungle_planks":52,"minecraft:wooden_axe":1},"minecraft:custom":{"minecraft:open_chest":2,"minecraft:time_since_rest":7465,"minecraft:crouch_one_cm":380,"minecraft:play_time":7465,"minecraft:sprint_one_cm":14152,"minecraft:damage_taken":30,"minecraft:walk_one_cm":11488,"minecraft:walk_under_water_one_cm":88,"minecraft:sneak_time":54,"minecraft:jump":140,"minecraft:leave_game":4,"minecraft:time_since_death":7465,"minecraft:walk_on_water_one_cm":142,"minecraft:total_world_time":7465,"minecraft:climb_one_cm":1065,"minecraft:swim_one_cm":3101,"minecraft:interact_with_crafting_table":3,"minecraft:fly_one_cm":20426,"minecraft:fall_one_cm":4356},"minecraft:mined":{"minecraft:grass_block":2,"minecraft:oak_log":3,"minecraft:vine":2,"minecraft:jungle_log":15,"minecraft:stone":26,"minecraft:crafting_table":1}},"DataVersion":3465}