{"stats":{"minecraft:picked_up":{"minecraft:cocoa_beans":3},"minecraft:custom":{"minecraft:jump":80,"minecraft:time_since_rest":7777,"minecraft:crouch_one_cm":55,"minecraft:leave_game":2,"minecraft:play_time":7777,"minecraft:sprint_one_cm":2165,"minecraft:damage_taken":70,"minecraft:time_since_death":7777,"minecraft:walk_one_cm":6670,"minecraft:sneak_time":56,"minecraft:climb_one_cm":384,"minecraft:total_world_time":7777,"minecraft:fall_one_cm":2598,"minecraft:fly_one_cm":4050},"minecraft:mined":{"minecraft:jungle_leaves":1,"minecraft:cocoa":1}},"DataVersion":3120}