{"stats":{"minecraft:used":{"minecraft:iron_shovel":17,"minecraft:stone_pickaxe":131,"minecraft:chest":2,"minecraft:wooden_pickaxe":3,"minecraft:shield":8,"minecraft:iron_sword":1,"minecraft:wooden_shovel":60,"minecraft:dirt":28,"minecraft:crafting_table":4,"minecraft:oak_log":3,"minecraft:iron_axe":142,"minecraft:melon_slice":29,"minecraft:iron_pickaxe":248,"minecraft:iron_helmet":1,"minecraft:cobblestone":5,"minecraft:furnace":3,"alexsmobs:animal_dictionary":1},"minecraft:killed":{"naturalist:firefly":1,"minecraft:spider":2,"naturalist:snail":1,"minecraft:skeleton":2,"minecraft:zombie":9,"minecraft:cow":1},"minecraft:picked_up":{"minecraft:cocoa_beans":18,"minecraft:crafting_table":1,"minecraft:jungle_log":6,"minecraft:leather":2,"minecraft:oak_log":55,"minecraft:dirt":76,"minecraft:string":2,"naturalist:glow_goop":1,"minecraft:bone":4,"minecraft:wheat_seeds":3,"minecraft:beef":1,"minecraft:melon_slice":64,"minecraft:furnace":2,"minecraft:raw_iron":193,"minecraft:stick":4,"farmersdelight:tomato_seeds":3,"minecraft:arrow":4,"minecraft:rotten_flesh":5,"minecraft:slime_ball":1,"immersiveengineering:seed":4,"minecraft:emerald":2,"minecraft:oak_sapling":2,"minecraft:coal":107,"minecraft:cobblestone":87},"minecraft:crafted":{"minecraft:oak_planks":28,"minecraft:wooden_shovel":1,"minecraft:crafting_table":3,"minecraft:wooden_pickaxe":1,"minecraft:iron_helmet":1,"minecraft:iron_sword":1,"minecraft:furnace":3,"minecraft:air":0,"minecraft:jungle_planks":24,"minecraft:iron_chestplate":1,"minecraft:iron_boots":1,"minecraft:shield":1,"minecraft:iron_axe":1,"minecraft:stick":28,"minecraft:iron_ingot":40,"minecraft:iron_pickaxe":2,"minecraft:stone_pickaxe":1,"minecraft:chest":2,"minecraft:iron_shovel":1,"minecraft:iron_leggings":1},"minecraft:custom":{"minecraft:interact_with_furnace":33,"minecraft:mob_kills":16,"minecraft:interact_with_crafting_table":16,"minecraft:leave_game":1,"minecraft:time_since_death":46279,"minecraft:climb_one_cm":648,"minecraft:time_since_rest":46279,"minecraft:sprint_one_cm":75497,"minecraft:damage_taken":436,"minecraft:walk_one_cm":168162,"minecraft:damage_blocked_by_shield":345,"minecraft:drop":1,"minecraft:damage_dealt":2727,"minecraft:fly_one_cm":83549,"minecraft:open_chest":13,"minecraft:crouch_one_cm":50063,"minecraft:play_time":46279,"minecraft:sneak_time":10081,"minecraft:jump":686,"minecraft:total_world_time":46279,"minecraft:fall_one_cm":15208},"minecraft:mined":{"minecraft:jungle_leaves":5,"minecraft:crafting_table":1,"minecraft:emerald_ore":2,"minecraft:grass_block":62,"minecraft:melon":13,"minecraft:jungle_log":6,"minecraft:tall_grass":12,"minecraft:cobblestone":5,"farmersdelight:wild_tomatoes":4,"minecraft:furnace":2,"minecraft:iron_ore":193,"minecraft:grass":13,"minecraft:coal_ore":98,"minecraft:oak_log":55,"minecraft:cocoa":4,"minecraft:dirt":1,"minecraft:stone":82,"minecraft:oak_leaves":38,"minecraft:fern":1},"minecraft:dropped":{"minecraft:wooden_pickaxe":1},"minecraft:broken":{"minecraft:stone_pickaxe":1,"minecraft:wooden_shovel":1}},"DataVersion":3120}