{"stats":{"minecraft:broken":{"minecraft:iron_shovel":5,"minecraft:wooden_shovel":1,"minecraft:stone_pickaxe":1,"minecraft:stone_axe":1,"minecraft:iron_axe":4,"minecraft:iron_pickaxe":1,"minecraft:iron_helmet":1},"minecraft:killed_by":{"minecraft:creeper":1,"alexsmobs:rhinoceros":1,"minecraft:witch":1,"minecraft:zombie":1,"minecraft:warden":5,"minecraft:skeleton":3},"minecraft:crafted":{"naturalist:cooked_duck":3,"minecraft:oak_planks":764,"biomesoplenty:cherry_planks":4,"travelersbackpack:iron":1,"minecraft:cooked_mutton":7,"minecraft:glass":64,"minecraft:iron_boots":2,"minecraft:chest":6,"minecraft:wooden_shovel":1,"travelersbackpack:iron_tier_upgrade":1,"biomesoplenty:jacaranda_planks":32,"minecraft:cooked_porkchop":5,"minecraft:crafting_table":7,"minecraft:iron_helmet":2,"travelersbackpack:standard":1,"minecraft:wooden_pickaxe":4,"minecraft:gold_block":3,"minecraft:iron_chestplate":2,"minecraft:shield":1,"minecraft:stick":52,"minecraft:iron_ingot":185,"minecraft:iron_pickaxe":8,"farmersdelight:cooked_bacon":6,"minecraft:gold_ingot":36,"minecraft:shears":1,"minecraft:furnace":3,"minecraft:bone_meal":27,"travelersbackpack:gold_tier_upgrade":1,"travelersbackpack:blank_upgrade":4,"travelersbackpack:white_sleeping_bag":1,"minecraft:iron_axe":6,"minecraft:stone_pickaxe":2,"biomesoplenty:magic_planks":32,"minecraft:wheat":72,"minecraft:cooked_beef":36,"farmersdelight:cooked_mutton_chops":3,"travelersbackpack:backpack_tank":4,"minecraft:iron_sword":5,"minecraft:bucket":3,"minecraft:stone_axe":2,"minecraft:jungle_planks":24,"minecraft:bread":24,"minecraft:air":0,"minecraft:white_wool":3,"minecraft:oak_stairs":20,"minecraft:iron_shovel":5,"minecraft:iron_leggings":2,"minecraft:white_bed":1,"minecraft:acacia_planks":4,"minecraft:torch":156},"minecraft:used":{"minecraft:iron_shovel":1331,"minecraft:chest":4,"minecraft:shield":29,"minecraft:iron_sword":345,"minecraft:rotten_flesh":26,"immersiveengineering:craftingtable":1,"minecraft:carrot":26,"travelersbackpack:iron":4,"farmersdelight:tomato":12,"minecraft:iron_helmet":1,"biomesoplenty:white_cherry_sapling":9,"minecraft:golden_sword":26,"minecraft:mangrove_roots":4,"minecraft:oak_sapling":4,"minecraft:furnace":5,"minecraft:potato":10,"minecraft:diorite":1,"minecraft:stone_pickaxe":131,"minecraft:oak_planks":725,"minecraft:wooden_pickaxe":72,"minecraft:sandstone":5,"minecraft:golden_apple":1,"minecraft:sand":13,"minecraft:blast_furnace":1,"biomesoplenty:magic_planks":28,"waystones:waystone":5,"minecraft:melon_slice":122,"minecraft:bread":73,"minecraft:lectern":2,"minecraft:fire_charge":1,"naturalist:cooked_duck":2,"minecraft:grindstone":1,"minecraft:smithing_table":1,"biomesoplenty:pink_cherry_sapling":13,"minecraft:bone_meal":22,"minecraft:tropical_fish":1,"biomesoplenty:glowshroom":1,"minecraft:wooden_shovel":60,"minecraft:orange_bed":1,"minecraft:torch":76,"minecraft:dirt":1184,"minecraft:iron_axe":979,"minecraft:oak_stairs":38,"simplyswords:diamond_greathammer":83,"minecraft:cooked_beef":4,"minecraft:cobbled_deepslate":2,"biomesoplenty:black_sand":1,"naturalist:bass":1,"minecraft:cooked_mutton":7,"minecraft:water_bucket":17,"minecraft:cartography_table":1,"minecraft:cut_sandstone":3,"minecraft:fletching_table":1,"farmersdelight:onion":2,"minecraft:crafting_table":11,"minecraft:white_bed":3,"biomesoplenty:wildflower":1,"bosses_of_mass_destruction:soul_star":1,"minecraft:smoker":2,"minecraft:oak_log":281,"minecraft:mud":4,"minecraft:apple":10,"biomesoplenty:pink_daffodil":1,"minecraft:iron_pickaxe":1010,"minecraft:stone_axe":155,"farmersdelight:cooked_bacon":3,"minecraft:cobblestone":294,"minecraft:bucket":19,"alexsmobs:animal_dictionary":1},"minecraft:mined":{"biomesoplenty:glowshroom":3,"biomesoplenty:cherry_log":24,"minecraft:sculk_vein":4,"minecraft:jungle_leaves":5,"minecraft:brewing_stand":2,"minecraft:cave_vines_plant":1,"minecraft:acacia_log":1,"minecraft:grass_block":1098,"unusualprehistory:plant_fossil":20,"minecraft:jungle_log":6,"biomesoplenty:flowering_oak_leaves":1,"bushierflowers:grown_dandelion":1,"minecraft:sculk_catalyst":1,"minecraft:iron_ore":193,"minecraft:fire":1,"biomesoplenty:violet":1,"minecraft:fletching_table":1,"minecraft:deepslate_lapis_ore":6,"biomesoplenty:pink_cherry_leaves":16,"minecraft:cave_vines":2,"minecraft:water_cauldron":2,"minecraft:dirt_path":1,"minecraft:oak_stairs":18,"biomesoplenty:webbing":3,"bushierflowers:grown_poppy":3,"farmersdelight:wild_potatoes":13,"minecraft:orange_bed":3,"biomesoplenty:jacaranda_leaves":15,"minecraft:cut_sandstone":3,"biomesoplenty:glowing_moss_carpet":1,"biomesoplenty:glowworm_silk":4,"minecraft:smoker":2,"biomesoplenty:wildflower":2,"minecraft:torch":7,"minecraft:blast_furnace":1,"minecraft:poppy":1,"minecraft:melon":24,"minecraft:dead_bush":12,"minecraft:cobblestone":9,"minecraft:sugar_cane":23,"minecraft:grindstone":1,"minecraft:oak_planks":40,"biomesoplenty:goldenrod":2,"biomesoplenty:magic_planks":28,"biomesoplenty:magic_leaves":12,"minecraft:mud":17,"biomesoplenty:spanish_moss_plant":1,"biomesoplenty:glowworm_silk_strand":1,"minecraft:lilac":1,"unusualprehistory:stone_fossil":8,"minecraft:tnt":9,"minecraft:grass":384,"biomesoplenty:clover":2,"minecraft:oak_log":470,"minecraft:sand":83,"minecraft:dirt":182,"minecraft:netherrack":20,"unusualprehistory:splattered_tar":3,"minecraft:oak_leaves":470,"minecraft:deepslate":184,"biomesoplenty:glowing_moss_block":11,"minecraft:deepslate_diamond_ore":2,"farmersdelight:wild_carrots":22,"biomesoplenty:desert_grass":2,"minecraft:mangrove_roots":5,"minecraft:glow_lichen":1,"gravestone:gravestone":16,"biomesoplenty:bush":4,"minecraft:allium":1,"minecraft:mangrove_propagule":1,"minecraft:cartography_table":2,"minecraft:sandstone":5,"biomesoplenty:dune_grass":1,"minecraft:hay_block":8,"farmersdelight:wild_onions":12,"biomesoplenty:jacaranda_log":28,"minecraft:furnace":2,"immersiveengineering:turntable":1,"biomesoplenty:pink_cherry_sapling":9,"minecraft:gold_block":5,"biomesoplenty:magic_log":78,"minecraft:bookshelf":12,"biomesoplenty:spider_egg":1,"minecraft:stone":369,"immersiveengineering:ore_aluminum":1,"immersiveengineering:craftingtable":1,"minecraft:smithing_table":1,"biomesoplenty:black_sand":1,"minecraft:dandelion":3,"minecraft:cornflower":1,"minecraft:crafting_table":4,"biomesoplenty:white_cherry_sapling":5,"minecraft:emerald_ore":6,"minecraft:rose_bush":1,"minecraft:sculk_sensor":4,"minecraft:lectern":2,"minecraft:copper_ore":1,"minecraft:tall_grass":35,"farmersdelight:wild_tomatoes":91,"biomesoplenty:sprout":4,"minecraft:lapis_ore":1,"minecraft:sculk":50,"minecraft:diorite":24,"minecraft:orange_carpet":1,"biomesoplenty:white_cherry_leaves":1,"biomesoplenty:blue_hydrangea":1,"biomesoplenty:pink_daffodil":1,"minecraft:white_carpet":1,"unusualprehistory:tar":35,"minecraft:mangrove_leaves":3,"unusualprehistory:petrified_bush":2,"minecraft:muddy_mangrove_roots":2,"minecraft:coal_ore":174,"minecraft:cocoa":4,"minecraft:gravel":2,"minecraft:fern":2,"immersiveengineering:crate":1,"minecraft:infested_stone":1},"minecraft:dropped":{"minecraft:iron_sword":5,"immersiveengineering:nugget_nickel":3,"minecraft:dirt":66,"minecraft:orange_carpet":1,"immersiveengineering:coal_coke":7,"minecraft:cornflower":2,"immersiveengineering:crate":1,"gravestone:obituary":18,"minecraft:gold_nugget":9,"minecraft:sand":11,"minecraft:iron_pickaxe":2,"alexsmobs:raccoon_tail":1,"minecraft:cauldron":4,"minecraft:bone":34,"minecraft:gravel":2,"naturalist:reptile_hide":1,"minecraft:stone_axe":1,"minecraft:compass":1,"minecraft:cobbled_deepslate":5,"minecraft:mangrove_roots":5,"alexsmobs:gazelle_horn":1,"minecraft:wheat":3,"minecraft:rotten_flesh":16,"minecraft:oak_planks":6,"biomesoplenty:glowing_moss_block":22,"minecraft:carrot":1,"biomesoplenty:glowing_moss_carpet":1,"minecraft:poppy":11,"biomesoplenty:wildflower":1,"simplyswords:diamond_greathammer":1,"minecraft:arrow":8,"immersiveengineering:seed":64,"farmersdelight:tomato_seeds":40,"minecraft:wheat_seeds":23,"minecraft:smithing_table":1,"minecraft:mangrove_propagule":1,"minecraft:feather":3,"minecraft:cobblestone":31,"immersiveengineering:turntable":1,"naturalist:glow_goop":1,"minecraft:copper_ingot":4,"minecraft:grass_block":2,"minecraft:stick":10,"biomesoplenty:violet":1,"farmersdelight:golden_knife":1,"biomesoplenty:goldenrod":2,"minecraft:diorite":23,"immersiveengineering:nugget_lead":8,"minecraft:melon_slice":2,"minecraft:rose_bush":3,"minecraft:iron_leggings":1,"minecraft:golden_hoe":1,"minecraft:mud":13,"biomesoplenty:glowshroom":4,"minecraft:orange_bed":2,"minecraft:iron_shovel":1,"minecraft:string":3,"minecraft:bucket":1,"minecraft:dandelion":11,"minecraft:moss_carpet":1,"minecraft:white_carpet":1,"minecraft:iron_boots":2,"minecraft:muddy_mangrove_roots":2,"minecraft:allium":25,"biomesoplenty:glowworm_silk":3,"minecraft:iron_chestplate":3,"minecraft:oak_sapling":32,"biomesoplenty:blue_hydrangea":1,"minecraft:golden_sword":3,"minecraft:spider_eye":6,"minecraft:slime_ball":1,"minecraft:sandstone":1,"minecraft:bow":2,"minecraft:stone_pickaxe":1,"minecraft:wooden_pickaxe":4,"farmersdelight:tomato":1},"minecraft:picked_up":{"minecraft:iron_chestplate":2,"minecraft:smithing_table":2,"immersiveengineering:craftingtable":1,"minecraft:oak_stairs":18,"biomesoplenty:violet":1,"minecraft:potion":1,"immersiveengineering:turntable":2,"minecraft:brewing_stand":2,"minecraft:golden_sword":1,"alexsmobs:gazelle_horn":1,"minecraft:string":26,"immersiveengineering:nugget_lead":8,"minecraft:gold_nugget":18,"minecraft:cobbled_deepslate":237,"bosses_of_mass_destruction:soul_star":1,"minecraft:bucket":1,"minecraft:rose_bush":3,"unusualprehistory:plant_fossil_item":20,"minecraft:iron_pickaxe":4,"alexsmobs:raccoon_tail":1,"minecraft:melon_slice":124,"naturalist:cooked_duck":1,"minecraft:iron_boots":1,"minecraft:furnace":2,"minecraft:stick":67,"minecraft:torch":70,"minecraft:acacia_log":1,"minecraft:porkchop":5,"minecraft:diorite":24,"minecraft:cauldron":4,"travelersbackpack:iron":1,"minecraft:orange_bed":3,"minecraft:rotten_flesh":42,"minecraft:tropical_fish":1,"farmersdelight:onion":10,"minecraft:mangrove_roots":9,"biomesoplenty:pink_cherry_sapling":13,"minecraft:cobblestone":379,"minecraft:muddy_mangrove_roots":2,"minecraft:feather":3,"minecraft:water_bucket":1,"minecraft:jungle_log":6,"minecraft:orange_carpet":1,"biomesoplenty:glowshroom":5,"minecraft:smoker":2,"minecraft:potato":27,"minecraft:flint":3,"farmersdelight:cooked_bacon":4,"minecraft:lapis_lazuli":45,"farmersdelight:tomato":21,"minecraft:dirt":1378,"minecraft:bone":54,"minecraft:bow":2,"minecraft:wheat_seeds":65,"minecraft:grindstone":1,"minecraft:fletching_table":1,"immersiveengineering:nugget_nickel":3,"minecraft:oak_planks":49,"biomesoplenty:cherry_log":24,"biomesoplenty:magic_sapling":5,"minecraft:cooked_porkchop":5,"minecraft:sand":82,"biomesoplenty:white_cherry_sapling":9,"minecraft:grass_block":2,"farmersdelight:cooked_mutton_chops":3,"minecraft:sugar":2,"minecraft:diamond":2,"biomesoplenty:magic_planks":28,"waystones:waystone":5,"minecraft:emerald":6,"minecraft:oak_sapling":87,"biomesoplenty:pink_daffodil":1,"minecraft:mud":17,"minecraft:cocoa_beans":18,"minecraft:crafting_table":4,"minecraft:allium":25,"minecraft:gold_block":4,"biomesoplenty:jacaranda_sapling":12,"gravestone:obituary":3,"minecraft:cornflower":2,"minecraft:moss_carpet":1,"minecraft:compass":1,"minecraft:white_carpet":1,"minecraft:iron_shovel":1,"minecraft:cartography_table":2,"biomesoplenty:black_sand":1,"minecraft:beef":36,"immersiveengineering:crate":1,"minecraft:poppy":11,"minecraft:lectern":2,"biomesoplenty:wildflower":2,"minecraft:sugar_cane":55,"minecraft:sandstone":6,"unusualprehistory:tar_fossil_item":4,"minecraft:raw_iron":193,"naturalist:duck":3,"farmersdelight:tomato_seeds":83,"minecraft:carrot":22,"minecraft:tnt":18,"minecraft:arrow":24,"biomesoplenty:blue_hydrangea":1,"biomesoplenty:jacaranda_log":28,"minecraft:hay_block":8,"minecraft:mutton":1,"minecraft:white_wool":4,"minecraft:golden_carrot":9,"biomesoplenty:goldenrod":2,"minecraft:cut_sandstone":3,"minecraft:leather":17,"minecraft:oak_log":476,"minecraft:gunpowder":3,"biomesoplenty:glowing_moss_carpet":1,"naturalist:glow_goop":3,"naturalist:bass":3,"minecraft:apple":9,"biomesoplenty:glowworm_silk":3,"biomesoplenty:magic_log":78,"minecraft:iron_sword":4,"minecraft:book":36,"naturalist:reptile_hide":1,"minecraft:dandelion":11,"minecraft:gravel":5,"minecraft:blast_furnace":1,"minecraft:white_bed":2,"biomesoplenty:glowing_moss_block":22,"minecraft:spider_eye":10,"biomesoplenty:flowering_oak_sapling":1,"simplyswords:diamond_greathammer":1,"minecraft:slime_ball":2,"immersiveengineering:seed":64,"minecraft:mangrove_propagule":1,"minecraft:coal":183,"unusualprehistory:mezo_fossil":8,"minecraft:ender_pearl":1},"minecraft:custom":{"minecraft:interact_with_crafting_table":48,"minecraft:bell_ring":2,"minecraft:leave_game":6,"minecraft:time_since_death":14667,"minecraft:sprint_one_cm":1475040,"minecraft:damage_blocked_by_shield":1225,"minecraft:drop":182,"minecraft:talked_to_villager":15,"minecraft:play_time":481171,"minecraft:deaths":15,"minecraft:jump":9814,"minecraft:walk_on_water_one_cm":71186,"minecraft:interact_with_furnace":75,"minecraft:sleep_in_bed":9,"minecraft:waystone_activated":10,"minecraft:damage_dealt":30922,"minecraft:crouch_one_cm":214338,"minecraft:interact_with_smoker":21,"minecraft:interact_with_smithing_table":1,"minecraft:mob_kills":173,"minecraft:climb_one_cm":5727,"minecraft:walk_one_cm":1549993,"minecraft:sneak_time":49641,"minecraft:walk_under_water_one_cm":21119,"minecraft:interact_with_blast_furnace":6,"minecraft:total_world_time":481171,"minecraft:time_since_rest":14700,"minecraft:damage_taken":10429,"minecraft:damage_absorbed":40,"minecraft:swim_one_cm":85064,"minecraft:fly_one_cm":2239140,"minecraft:open_chest":245,"minecraft:fall_one_cm":286689},"minecraft:killed":{"naturalist:zebra":1,"minecraft:cave_spider":1,"minecraft:witch":3,"minecraft:spider":27,"naturalist:snail":2,"minecraft:skeleton":26,"minecraft:pig":3,"minecraft:zombie_villager":2,"naturalist:firefly":3,"naturalist:alligator":1,"minecraft:pillager":2,"minecraft:zombie":63,"alexsmobs:fly":3,"minecraft:cow":19,"alexsmobs:raccoon":2,"naturalist:tortoise":1,"naturalist:duck":3,"naturalist:coral_snake":1,"alexsmobs:guster":2,"naturalist:bear":1,"unusualprehistory:sludge":1,"alexsmobs:gazelle":2,"alexsmobs:crow":1,"minecraft:enderman":2}},"DataVersion":3120}