{"stats":{"minecraft:killed_by":{"minecraft:creeper":1,"alexsmobs:rhinoceros":1,"minecraft:witch":1,"minecraft:zombie":1,"minecraft:warden":5,"minecraft:skeleton":3},"minecraft:used":{"minecraft:iron_shovel":1336,"farmersdelight:cabbage_seeds":17,"immersiveengineering:seed":6,"minecraft:shield":35,"minecraft:chest":8,"minecraft:iron_sword":345,"biomesoplenty:cherry_stairs":25,"minecraft:rotten_flesh":26,"immersiveengineering:craftingtable":1,"minecraft:carrot":34,"travelersbackpack:iron":5,"minecraft:obsidian":13,"minecraft:glass":40,"farmersdelight:tomato":12,"biomesoplenty:cherry_planks":541,"farmersdelight:rotten_tomato":2,"minecraft:iron_helmet":1,"minecraft:golden_sword":26,"biomesoplenty:white_cherry_sapling":15,"biomesoplenty:jacaranda_sapling":7,"minecraft:mangrove_roots":4,"minecraft:oak_sapling":4,"minecraft:furnace":5,"minecraft:potato":10,"minecraft:diorite":1,"minecraft:oak_planks":1421,"minecraft:stone_pickaxe":131,"biomesoplenty:magic_log":2,"minecraft:wooden_pickaxe":72,"minecraft:sandstone":5,"minecraft:diamond_axe":1352,"biomesoplenty:flowering_oak_sapling":1,"biomesoplenty:cherry_door":7,"minecraft:golden_apple":1,"minecraft:sand":13,"minecraft:blast_furnace":1,"biomesoplenty:magic_planks":29,"biomesoplenty:jacaranda_planks":2,"waystones:waystone":6,"minecraft:melon_slice":122,"minecraft:bread":73,"minecraft:lectern":2,"biomesoplenty:cherry_slab":5,"minecraft:soul_lantern":2,"biomesoplenty:cherry_fence_gate":6,"minecraft:fire_charge":1,"naturalist:cooked_duck":3,"minecraft:grindstone":1,"minecraft:smithing_table":1,"biomesoplenty:pink_cherry_sapling":61,"minecraft:bone_meal":159,"biomesoplenty:cherry_log":4,"minecraft:enchanting_table":1,"minecraft:flint_and_steel":1,"minecraft:tropical_fish":1,"biomesoplenty:glowshroom":1,"minecraft:wooden_shovel":60,"minecraft:orange_bed":1,"minecraft:torch":193,"minecraft:dirt":1325,"minecraft:iron_hoe":96,"mcwroofs:stone_roof":2,"mcwroofs:cobblestone_roof":5,"minecraft:bookshelf":14,"minecraft:iron_axe":1415,"minecraft:oak_stairs":182,"simplyswords:diamond_greathammer":192,"biomesoplenty:jacaranda_log":2,"farmersdelight:cooked_mutton_chops":3,"minecraft:cooked_beef":36,"farmersdelight:tomato_seeds":32,"minecraft:cobbled_deepslate":102,"biomesoplenty:black_sand":1,"naturalist:bass":1,"minecraft:wheat_seeds":24,"minecraft:cooked_mutton":7,"minecraft:water_bucket":30,"minecraft:baked_potato":6,"minecraft:cartography_table":1,"minecraft:cut_sandstone":3,"minecraft:fletching_table":1,"minecraft:stonecutter":1,"farmersdelight:onion":22,"minecraft:crafting_table":13,"minecraft:oak_slab":82,"minecraft:white_bed":5,"biomesoplenty:wildflower":1,"biomesoplenty:magic_sapling":6,"bosses_of_mass_destruction:soul_star":1,"minecraft:smoker":2,"minecraft:oak_log":518,"minecraft:mud":4,"minecraft:diamond_pickaxe":64,"minecraft:apple":10,"biomesoplenty:pink_daffodil":1,"biomesoplenty:cherry_fence":106,"minecraft:iron_pickaxe":1076,"minecraft:stone_axe":155,"farmersdelight:cooked_bacon":6,"minecraft:cobblestone":295,"minecraft:cooked_porkchop":2,"minecraft:bucket":31,"alexsmobs:animal_dictionary":1},"minecraft:killed":{"naturalist:zebra":1,"minecraft:cave_spider":1,"minecraft:witch":4,"minecraft:spider":31,"naturalist:snail":2,"minecraft:skeleton":36,"minecraft:pig":3,"minecraft:zombie_villager":2,"naturalist:firefly":4,"minecraft:creeper":1,"naturalist:alligator":1,"minecraft:pillager":2,"minecraft:zombie":94,"alexsmobs:fly":7,"minecraft:cow":19,"alexsmobs:raccoon":2,"naturalist:tortoise":1,"naturalist:duck":3,"naturalist:coral_snake":1,"alexsmobs:guster":2,"naturalist:bear":1,"alexsmobs:gazelle":2,"unusualprehistory:sludge":1,"alexsmobs:crow":1,"minecraft:enderman":4},"minecraft:picked_up":{"minecraft:iron_chestplate":2,"minecraft:smithing_table":2,"immersiveengineering:craftingtable":1,"minecraft:oak_stairs":62,"biomesoplenty:violet":1,"minecraft:potion":1,"immersiveengineering:turntable":2,"minecraft:brewing_stand":2,"minecraft:golden_sword":1,"alexsmobs:gazelle_horn":1,"minecraft:string":29,"immersiveengineering:nugget_lead":8,"minecraft:gold_nugget":18,"minecraft:cobbled_deepslate":293,"bosses_of_mass_destruction:soul_star":2,"minecraft:bucket":1,"minecraft:rose_bush":3,"unusualprehistory:plant_fossil_item":21,"minecraft:iron_pickaxe":4,"alexsmobs:raccoon_tail":1,"minecraft:melon_slice":124,"naturalist:cooked_duck":1,"farmersdelight:cabbage_seeds":5,"minecraft:iron_boots":1,"minecraft:furnace":2,"minecraft:stick":116,"farmersdelight:rotten_tomato":2,"minecraft:torch":105,"minecraft:acacia_log":1,"minecraft:porkchop":5,"minecraft:diorite":24,"minecraft:cauldron":4,"travelersbackpack:iron":1,"minecraft:orange_bed":3,"minecraft:rotten_flesh":83,"minecraft:tropical_fish":1,"farmersdelight:onion":20,"minecraft:mangrove_roots":9,"biomesoplenty:pink_cherry_sapling":77,"minecraft:obsidian":17,"minecraft:cobblestone":381,"minecraft:birch_log":4,"minecraft:muddy_mangrove_roots":2,"minecraft:feather":3,"minecraft:water_bucket":1,"minecraft:jungle_log":6,"minecraft:orange_carpet":1,"biomesoplenty:glowshroom":5,"minecraft:smoker":2,"minecraft:potato":27,"minecraft:flint":3,"farmersdelight:cooked_bacon":4,"minecraft:lapis_lazuli":45,"farmersdelight:tomato":28,"minecraft:dirt":1457,"minecraft:bone":70,"minecraft:bow":4,"minecraft:wheat_seeds":70,"minecraft:grindstone":1,"minecraft:fletching_table":1,"immersiveengineering:nugget_nickel":3,"biomesoplenty:cherry_log":186,"minecraft:oak_planks":724,"biomesoplenty:magic_sapling":7,"minecraft:cooked_porkchop":5,"minecraft:sand":82,"biomesoplenty:white_cherry_sapling":33,"minecraft:grass_block":6,"farmersdelight:cooked_mutton_chops":3,"minecraft:sugar":2,"minecraft:diamond":12,"biomesoplenty:magic_planks":29,"minecraft:soul_lantern":2,"waystones:waystone":6,"minecraft:emerald":6,"alexsmobs:maggot":6,"biomesoplenty:pink_daffodil":1,"minecraft:oak_sapling":129,"minecraft:mud":17,"minecraft:cocoa_beans":18,"minecraft:crafting_table":6,"minecraft:allium":25,"minecraft:gold_block":4,"biomesoplenty:jacaranda_sapling":17,"gravestone:obituary":3,"minecraft:cornflower":3,"minecraft:moss_carpet":1,"minecraft:compass":1,"minecraft:white_carpet":1,"minecraft:iron_shovel":1,"minecraft:cartography_table":2,"biomesoplenty:black_sand":1,"minecraft:beef":36,"immersiveengineering:crate":1,"minecraft:chest":2,"biomesoplenty:wildflower":2,"minecraft:poppy":11,"biomesoplenty:cherry_planks":71,"minecraft:lectern":2,"minecraft:sugar_cane":55,"unusualprehistory:tar_fossil_item":4,"minecraft:raw_iron":193,"minecraft:sandstone":6,"naturalist:duck":3,"farmersdelight:tomato_seeds":88,"minecraft:carrot":23,"minecraft:tnt":18,"minecraft:arrow":34,"biomesoplenty:blue_hydrangea":1,"biomesoplenty:jacaranda_log":58,"mcwroofs:cobblestone_roof":5,"minecraft:hay_block":8,"biomesoplenty:cherry_door":4,"minecraft:mutton":1,"minecraft:white_wool":4,"minecraft:golden_carrot":9,"biomesoplenty:goldenrod":2,"minecraft:cut_sandstone":3,"minecraft:leather":17,"mcwroofs:stone_roof":2,"minecraft:oak_log":843,"biomesoplenty:jacaranda_planks":2,"minecraft:gunpowder":7,"biomesoplenty:glowing_moss_carpet":1,"naturalist:glow_goop":3,"naturalist:bass":3,"minecraft:apple":12,"biomesoplenty:glowworm_silk":3,"biomesoplenty:magic_log":97,"minecraft:iron_sword":4,"minecraft:book":36,"naturalist:reptile_hide":1,"minecraft:oak_slab":28,"minecraft:dandelion":16,"minecraft:gravel":5,"minecraft:blast_furnace":1,"minecraft:white_bed":4,"biomesoplenty:glowing_moss_block":22,"minecraft:spider_eye":13,"biomesoplenty:flowering_oak_sapling":1,"simplyswords:diamond_greathammer":1,"minecraft:slime_ball":2,"immersiveengineering:seed":70,"biomesoplenty:cherry_fence":6,"biomesoplenty:cherry_stairs":1,"minecraft:mangrove_propagule":1,"minecraft:coal":183,"unusualprehistory:mezo_fossil":8,"minecraft:ender_pearl":1},"minecraft:custom":{"minecraft:interact_with_crafting_table":86,"minecraft:bell_ring":2,"minecraft:leave_game":9,"minecraft:time_since_death":278762,"minecraft:sprint_one_cm":2305621,"minecraft:damage_blocked_by_shield":1505,"minecraft:drop":210,"minecraft:talked_to_villager":15,"minecraft:play_time":745266,"minecraft:deaths":15,"minecraft:jump":13182,"minecraft:walk_on_water_one_cm":90776,"minecraft:interact_with_furnace":90,"minecraft:sleep_in_bed":17,"minecraft:waystone_activated":11,"minecraft:damage_dealt":40823,"minecraft:crouch_one_cm":317303,"minecraft:interact_with_smoker":31,"minecraft:interact_with_smithing_table":1,"minecraft:mob_kills":227,"minecraft:climb_one_cm":7032,"minecraft:walk_one_cm":2421324,"minecraft:sneak_time":73357,"minecraft:walk_under_water_one_cm":23244,"minecraft:interact_with_blast_furnace":8,"minecraft:total_world_time":745266,"minecraft:interact_with_grindstone":1,"minecraft:interact_with_stonecutter":7,"minecraft:time_since_rest":3982,"minecraft:damage_taken":12492,"minecraft:damage_absorbed":40,"minecraft:swim_one_cm":85064,"minecraft:fly_one_cm":3016652,"minecraft:open_chest":472,"minecraft:fall_one_cm":360448},"minecraft:crafted":{"naturalist:cooked_duck":3,"minecraft:oak_planks":1336,"biomesoplenty:cherry_planks":728,"travelersbackpack:iron":1,"mcwroofs:stone_roof":1,"minecraft:stone":4,"minecraft:bookshelf":14,"minecraft:cooked_mutton":7,"minecraft:glass":64,"minecraft:iron_boots":2,"biomesoplenty:cherry_door":3,"minecraft:chest":8,"biomesoplenty:cherry_fence":123,"minecraft:oak_slab":84,"minecraft:wooden_shovel":1,"travelersbackpack:iron_tier_upgrade":1,"biomesoplenty:jacaranda_planks":224,"minecraft:cooked_porkchop":5,"minecraft:diamond_axe":1,"minecraft:crafting_table":7,"travelersbackpack:standard":1,"minecraft:baked_potato":13,"minecraft:iron_helmet":2,"minecraft:wooden_pickaxe":4,"minecraft:gold_block":3,"biomesoplenty:cherry_fence_gate":6,"minecraft:iron_chestplate":2,"minecraft:book":7,"minecraft:paper":45,"minecraft:diamond_pickaxe":1,"minecraft:shield":1,"minecraft:stick":108,"minecraft:iron_ingot":185,"minecraft:iron_pickaxe":8,"farmersdelight:cooked_bacon":6,"minecraft:gold_ingot":36,"minecraft:shears":1,"minecraft:furnace":3,"minecraft:bone_meal":165,"travelersbackpack:gold_tier_upgrade":1,"travelersbackpack:blank_upgrade":4,"travelersbackpack:white_sleeping_bag":1,"minecraft:iron_axe":6,"minecraft:iron_hoe":1,"minecraft:stone_pickaxe":2,"minecraft:diamond_boots":1,"biomesoplenty:magic_planks":32,"minecraft:wheat":72,"minecraft:cooked_beef":36,"farmersdelight:cooked_mutton_chops":3,"minecraft:enchanting_table":1,"travelersbackpack:backpack_tank":4,"minecraft:iron_sword":5,"minecraft:bucket":3,"minecraft:stone_axe":2,"minecraft:jungle_planks":24,"minecraft:bread":24,"minecraft:air":0,"minecraft:white_wool":9,"minecraft:oak_stairs":144,"minecraft:iron_shovel":6,"minecraft:iron_leggings":2,"minecraft:stonecutter":1,"minecraft:white_bed":3,"biomesoplenty:cherry_slab":6,"minecraft:acacia_planks":4,"minecraft:torch":176,"biomesoplenty:cherry_stairs":24},"minecraft:mined":{"biomesoplenty:glowshroom":3,"biomesoplenty:cherry_log":186,"minecraft:farmland":1,"minecraft:sculk_vein":7,"minecraft:jungle_leaves":5,"minecraft:brewing_stand":2,"minecraft:obsidian":18,"minecraft:cave_vines_plant":1,"minecraft:acacia_log":1,"minecraft:grass_block":1105,"unusualprehistory:plant_fossil":20,"minecraft:jungle_log":6,"biomesoplenty:flowering_oak_leaves":1,"farmersdelight:budding_tomatoes":5,"bushierflowers:grown_dandelion":1,"minecraft:sculk_catalyst":2,"minecraft:iron_ore":193,"minecraft:cobbled_deepslate":49,"minecraft:fire":1,"biomesoplenty:violet":1,"biomesoplenty:cherry_door":4,"minecraft:deepslate_lapis_ore":6,"minecraft:fletching_table":1,"minecraft:azure_bluet":1,"minecraft:sculk_shrieker":1,"biomesoplenty:pink_cherry_leaves":57,"minecraft:cave_vines":2,"minecraft:water_cauldron":2,"minecraft:dirt_path":1,"biomesoplenty:webbing":3,"minecraft:oak_stairs":61,"bushierflowers:grown_poppy":3,"farmersdelight:wild_potatoes":13,"minecraft:orange_bed":3,"biomesoplenty:jacaranda_leaves":20,"mcwroofs:cobblestone_roof":5,"minecraft:cut_sandstone":3,"biomesoplenty:glowworm_silk":4,"biomesoplenty:glowing_moss_carpet":1,"biomesoplenty:jacaranda_planks":2,"minecraft:smoker":2,"biomesoplenty:wildflower":2,"minecraft:soul_lantern":2,"minecraft:torch":23,"minecraft:blast_furnace":1,"biomesoplenty:cherry_planks":71,"minecraft:poppy":1,"minecraft:melon":24,"minecraft:chest":2,"minecraft:dead_bush":12,"farmersdelight:cabbages":4,"minecraft:cobblestone":11,"minecraft:oak_planks":718,"minecraft:grindstone":1,"minecraft:sugar_cane":23,"minecraft:wall_torch":3,"biomesoplenty:goldenrod":2,"biomesoplenty:magic_planks":29,"biomesoplenty:magic_leaves":14,"minecraft:mud":17,"biomesoplenty:spanish_moss_plant":1,"biomesoplenty:glowworm_silk_strand":1,"minecraft:lilac":1,"unusualprehistory:stone_fossil":8,"minecraft:tnt":9,"minecraft:grass":419,"biomesoplenty:cherry_stairs":1,"biomesoplenty:clover":2,"minecraft:oak_log":828,"minecraft:dirt":195,"minecraft:sand":83,"minecraft:netherrack":20,"unusualprehistory:splattered_tar":3,"minecraft:oak_leaves":837,"minecraft:deepslate":191,"biomesoplenty:glowing_moss_block":11,"farmersdelight:onions":10,"minecraft:deepslate_diamond_ore":12,"farmersdelight:wild_carrots":22,"biomesoplenty:desert_grass":2,"biomesoplenty:magic_sapling":2,"minecraft:mangrove_roots":5,"minecraft:glow_lichen":1,"gravestone:gravestone":16,"biomesoplenty:bush":4,"minecraft:allium":1,"minecraft:cartography_table":2,"minecraft:sandstone":5,"minecraft:mangrove_propagule":1,"biomesoplenty:cherry_fence":6,"biomesoplenty:jacaranda_sapling":1,"biomesoplenty:dune_grass":1,"farmersdelight:wild_onions":12,"minecraft:hay_block":8,"biomesoplenty:jacaranda_log":58,"minecraft:furnace":2,"immersiveengineering:turntable":1,"biomesoplenty:pink_cherry_sapling":22,"minecraft:gold_block":5,"biomesoplenty:magic_log":97,"minecraft:bookshelf":12,"mcwroofs:stone_roof":2,"biomesoplenty:spider_egg":1,"minecraft:stone":369,"immersiveengineering:craftingtable":1,"immersiveengineering:ore_aluminum":1,"minecraft:smithing_table":1,"minecraft:oak_slab":28,"unusualprehistory:deepslate_plant_fossil":1,"minecraft:dandelion":7,"biomesoplenty:black_sand":1,"minecraft:crafting_table":6,"biomesoplenty:white_cherry_sapling":5,"minecraft:cornflower":2,"minecraft:emerald_ore":6,"minecraft:rose_bush":1,"minecraft:sculk_sensor":5,"minecraft:lectern":2,"minecraft:copper_ore":1,"minecraft:tall_grass":40,"minecraft:lapis_ore":1,"biomesoplenty:sprout":4,"farmersdelight:wild_tomatoes":91,"minecraft:sculk":77,"minecraft:diorite":24,"minecraft:orange_carpet":1,"biomesoplenty:blue_hydrangea":1,"biomesoplenty:white_cherry_leaves":7,"biomesoplenty:pink_daffodil":1,"minecraft:white_carpet":1,"unusualprehistory:petrified_bush":2,"unusualprehistory:tar":35,"minecraft:mangrove_leaves":3,"minecraft:muddy_mangrove_roots":2,"minecraft:coal_ore":174,"minecraft:cocoa":4,"minecraft:gravel":2,"minecraft:infested_stone":1,"immersiveengineering:crate":1,"minecraft:fern":2},"minecraft:dropped":{"minecraft:iron_sword":5,"immersiveengineering:nugget_nickel":3,"minecraft:dirt":76,"minecraft:orange_carpet":1,"immersiveengineering:coal_coke":7,"minecraft:cornflower":3,"immersiveengineering:crate":1,"gravestone:obituary":18,"minecraft:gold_nugget":9,"minecraft:sand":11,"minecraft:iron_pickaxe":3,"alexsmobs:raccoon_tail":1,"minecraft:cauldron":4,"minecraft:bone":38,"minecraft:gravel":2,"naturalist:reptile_hide":1,"minecraft:stone_axe":1,"minecraft:compass":1,"minecraft:mangrove_roots":5,"alexsmobs:gazelle_horn":1,"minecraft:cobbled_deepslate":5,"minecraft:wheat":3,"minecraft:rotten_flesh":23,"minecraft:oak_planks":6,"minecraft:white_bed":2,"biomesoplenty:glowing_moss_block":22,"minecraft:carrot":1,"biomesoplenty:glowing_moss_carpet":1,"minecraft:poppy":11,"biomesoplenty:wildflower":1,"simplyswords:diamond_greathammer":1,"biomesoplenty:cherry_slab":1,"minecraft:arrow":13,"immersiveengineering:seed":64,"farmersdelight:tomato_seeds":40,"biomesoplenty:jacaranda_sapling":5,"minecraft:wheat_seeds":28,"minecraft:smithing_table":1,"biomesoplenty:magic_sapling":1,"minecraft:mangrove_propagule":1,"minecraft:feather":3,"minecraft:cobblestone":31,"immersiveengineering:turntable":1,"naturalist:glow_goop":1,"minecraft:copper_ingot":4,"minecraft:grass_block":6,"minecraft:stick":10,"biomesoplenty:violet":1,"farmersdelight:golden_knife":1,"biomesoplenty:goldenrod":2,"minecraft:diorite":23,"minecraft:melon_slice":2,"immersiveengineering:nugget_lead":8,"minecraft:rose_bush":3,"minecraft:iron_leggings":1,"minecraft:golden_hoe":1,"minecraft:iron_axe":1,"minecraft:mud":13,"biomesoplenty:glowshroom":4,"minecraft:orange_bed":2,"minecraft:iron_shovel":1,"minecraft:string":3,"minecraft:bucket":1,"minecraft:dandelion":16,"minecraft:moss_carpet":1,"minecraft:white_carpet":1,"minecraft:iron_boots":2,"biomesoplenty:cherry_fence":1,"minecraft:muddy_mangrove_roots":2,"minecraft:allium":25,"biomesoplenty:glowworm_silk":3,"minecraft:iron_chestplate":3,"minecraft:oak_sapling":74,"biomesoplenty:blue_hydrangea":1,"minecraft:golden_sword":3,"minecraft:spider_eye":6,"minecraft:sandstone":1,"minecraft:slime_ball":1,"biomesoplenty:magic_log":6,"minecraft:bow":4,"minecraft:stone_pickaxe":1,"minecraft:wooden_pickaxe":4,"farmersdelight:tomato":1},"minecraft:broken":{"minecraft:iron_shovel":5,"minecraft:wooden_shovel":1,"minecraft:stone_pickaxe":1,"minecraft:stone_axe":1,"minecraft:iron_axe":5,"minecraft:iron_pickaxe":1,"minecraft:iron_helmet":1}},"DataVersion":3120}