{"stats":{"minecraft:used":{"minecraft:melon_slice":18,"minecraft:iron_axe":42,"minecraft:stone_pickaxe":131,"minecraft:iron_pickaxe":248,"minecraft:iron_helmet":1,"minecraft:wooden_pickaxe":3,"minecraft:dirt":1,"minecraft:cobblestone":5,"minecraft:crafting_table":3,"minecraft:furnace":3,"alexsmobs:animal_dictionary":1},"minecraft:picked_up":{"minecraft:cocoa_beans":18,"minecraft:crafting_table":1,"minecraft:raw_iron":193,"minecraft:jungle_log":6,"minecraft:leather":2,"minecraft:dirt":1,"naturalist:glow_goop":1,"minecraft:rotten_flesh":5,"minecraft:slime_ball":1,"minecraft:beef":1,"minecraft:emerald":2,"minecraft:melon_slice":64,"minecraft:coal":107,"minecraft:cobblestone":87,"minecraft:furnace":2},"minecraft:killed":{"naturalist:snail":1,"minecraft:zombie":8,"naturalist:firefly":1,"minecraft:cow":1},"minecraft:crafted":{"minecraft:iron_boots":1,"minecraft:iron_chestplate":1,"minecraft:shield":1,"minecraft:iron_axe":1,"minecraft:crafting_table":2,"minecraft:stick":8,"minecraft:iron_pickaxe":1,"minecraft:wooden_pickaxe":1,"minecraft:iron_ingot":40,"minecraft:iron_helmet":1,"minecraft:stone_pickaxe":1,"minecraft:iron_leggings":1,"minecraft:furnace":3,"minecraft:air":0,"minecraft:jungle_planks":24},"minecraft:custom":{"minecraft:time_since_rest":34279,"minecraft:interact_with_furnace":33,"minecraft:sprint_one_cm":52205,"minecraft:damage_taken":272,"minecraft:walk_one_cm":131344,"minecraft:mob_kills":11,"minecraft:drop":1,"minecraft:damage_dealt":1778,"minecraft:interact_with_crafting_table":12,"minecraft:fly_one_cm":42918,"minecraft:open_chest":10,"minecraft:crouch_one_cm":39569,"minecraft:play_time":34279,"minecraft:sneak_time":7881,"minecraft:jump":494,"minecraft:leave_game":1,"minecraft:time_since_death":34279,"minecraft:climb_one_cm":648,"minecraft:total_world_time":34279,"minecraft:fall_one_cm":11320},"minecraft:mined":{"minecraft:furnace":2,"minecraft:iron_ore":193,"minecraft:jungle_leaves":5,"minecraft:crafting_table":1,"minecraft:emerald_ore":2,"minecraft:grass_block":1,"minecraft:coal_ore":98,"minecraft:melon":13,"minecraft:cocoa":4,"minecraft:jungle_log":6,"minecraft:cobblestone":5,"minecraft:stone":82,"minecraft:oak_leaves":2,"minecraft:fern":1},"minecraft:dropped":{"minecraft:wooden_pickaxe":1},"minecraft:broken":{"minecraft:stone_pickaxe":1}},"DataVersion":3120}