{"stats":{"minecraft:used":{"alexsmobs:animal_dictionary":1,"minecraft:dirt":1},"minecraft:picked_up":{"minecraft:cocoa_beans":3,"minecraft:jungle_log":2,"minecraft:dirt":1},"minecraft:custom":{"minecraft:jump":58,"minecraft:time_since_rest":2424,"minecraft:crouch_one_cm":530,"minecraft:sprint_one_cm":3124,"minecraft:play_time":2424,"minecraft:damage_taken":20,"minecraft:time_since_death":2424,"minecraft:walk_one_cm":4550,"minecraft:sneak_time":175,"minecraft:climb_one_cm":108,"minecraft:total_world_time":2424,"minecraft:fall_one_cm":1623,"minecraft:fly_one_cm":6706},"minecraft:mined":{"minecraft:jungle_leaves":1,"minecraft:grass_block":1,"minecraft:cocoa":1,"minecraft:jungle_log":2,"minecraft:oak_leaves":2,"minecraft:fern":1}},"DataVersion":3120}