{"stats":{"minecraft:used":{"minecraft:iron_shovel":287,"minecraft:stone_pickaxe":131,"minecraft:chest":2,"minecraft:wooden_pickaxe":3,"minecraft:shield":9,"minecraft:iron_sword":18,"minecraft:wooden_shovel":60,"minecraft:dirt":145,"minecraft:crafting_table":4,"minecraft:oak_log":3,"minecraft:apple":1,"minecraft:iron_axe":219,"minecraft:melon_slice":38,"minecraft:iron_pickaxe":248,"minecraft:iron_helmet":1,"minecraft:cobblestone":5,"minecraft:furnace":5,"alexsmobs:animal_dictionary":1},"minecraft:killed":{"naturalist:firefly":1,"minecraft:spider":4,"naturalist:coral_snake":1,"naturalist:snail":1,"minecraft:skeleton":2,"minecraft:zombie":11,"minecraft:cow":1},"minecraft:picked_up":{"minecraft:cocoa_beans":18,"minecraft:crafting_table":1,"minecraft:jungle_log":6,"minecraft:leather":2,"minecraft:oak_log":71,"minecraft:dirt":372,"minecraft:string":4,"naturalist:glow_goop":1,"minecraft:bone":4,"minecraft:apple":1,"minecraft:wheat_seeds":22,"minecraft:beef":1,"minecraft:poppy":7,"minecraft:melon_slice":66,"minecraft:furnace":2,"minecraft:raw_iron":193,"minecraft:stick":8,"minecraft:dandelion":2,"farmersdelight:tomato_seeds":3,"minecraft:spider_eye":1,"minecraft:arrow":4,"minecraft:rotten_flesh":5,"minecraft:slime_ball":1,"immersiveengineering:seed":11,"minecraft:emerald":2,"minecraft:oak_sapling":12,"minecraft:coal":107,"minecraft:cobblestone":87},"minecraft:crafted":{"minecraft:oak_planks":28,"minecraft:wooden_shovel":1,"minecraft:crafting_table":3,"minecraft:wooden_pickaxe":1,"minecraft:iron_helmet":1,"minecraft:iron_sword":1,"minecraft:furnace":3,"minecraft:air":0,"minecraft:jungle_planks":24,"minecraft:iron_chestplate":1,"minecraft:iron_boots":1,"minecraft:shield":1,"minecraft:iron_axe":2,"minecraft:stick":28,"minecraft:iron_ingot":40,"minecraft:iron_pickaxe":2,"minecraft:stone_pickaxe":1,"minecraft:chest":2,"minecraft:iron_shovel":1,"minecraft:iron_leggings":1},"minecraft:custom":{"minecraft:interact_with_furnace":37,"minecraft:mob_kills":21,"minecraft:interact_with_crafting_table":17,"minecraft:leave_game":1,"minecraft:time_since_death":58279,"minecraft:climb_one_cm":648,"minecraft:time_since_rest":58279,"minecraft:sprint_one_cm":101082,"minecraft:damage_taken":643,"minecraft:walk_one_cm":244788,"minecraft:damage_blocked_by_shield":395,"minecraft:drop":26,"minecraft:damage_dealt":3666,"minecraft:fly_one_cm":96097,"minecraft:open_chest":18,"minecraft:crouch_one_cm":60654,"minecraft:play_time":58279,"minecraft:sneak_time":12160,"minecraft:jump":813,"minecraft:total_world_time":58279,"minecraft:fall_one_cm":16794},"minecraft:mined":{"minecraft:jungle_leaves":5,"minecraft:crafting_table":1,"minecraft:emerald_ore":2,"minecraft:grass_block":305,"minecraft:melon":13,"minecraft:jungle_log":6,"minecraft:tall_grass":18,"minecraft:cobblestone":5,"farmersdelight:wild_tomatoes":4,"minecraft:furnace":2,"minecraft:iron_ore":193,"minecraft:grass":83,"minecraft:coal_ore":98,"minecraft:oak_log":71,"minecraft:cocoa":4,"minecraft:dirt":8,"minecraft:stone":82,"minecraft:oak_leaves":125,"minecraft:fern":1},"minecraft:dropped":{"minecraft:wheat_seeds":15,"minecraft:poppy":1,"minecraft:dirt":18,"minecraft:melon_slice":2,"minecraft:oak_sapling":11,"minecraft:spider_eye":1,"minecraft:wooden_pickaxe":1,"minecraft:string":2,"immersiveengineering:seed":4,"minecraft:dandelion":2},"minecraft:broken":{"minecraft:stone_pickaxe":1,"minecraft:iron_shovel":1,"minecraft:wooden_shovel":1,"minecraft:iron_axe":1}},"DataVersion":3120}