{"stats":{"minecraft:used":{"minecraft:cobblestone":5,"minecraft:dirt":1,"minecraft:crafting_table":2,"minecraft:furnace":3,"minecraft:stone_pickaxe":131,"alexsmobs:animal_dictionary":1,"minecraft:wooden_pickaxe":3},"minecraft:picked_up":{"minecraft:cocoa_beans":18,"minecraft:raw_iron":48,"minecraft:jungle_log":6,"minecraft:coal":26,"minecraft:dirt":1,"minecraft:cobblestone":60},"minecraft:crafted":{"minecraft:furnace":3,"minecraft:crafting_table":2,"minecraft:stick":8,"minecraft:stone_pickaxe":1,"minecraft:wooden_pickaxe":1,"minecraft:jungle_planks":24},"minecraft:custom":{"minecraft:time_since_rest":10845,"minecraft:interact_with_furnace":3,"minecraft:crouch_one_cm":18861,"minecraft:play_time":10845,"minecraft:sprint_one_cm":14568,"minecraft:damage_taken":60,"minecraft:walk_one_cm":14998,"minecraft:sneak_time":3879,"minecraft:drop":1,"minecraft:jump":205,"minecraft:leave_game":1,"minecraft:time_since_death":10845,"minecraft:total_world_time":10845,"minecraft:climb_one_cm":224,"minecraft:interact_with_crafting_table":4,"minecraft:fly_one_cm":23513,"minecraft:fall_one_cm":6886},"minecraft:mined":{"minecraft:grass_block":1,"minecraft:coal_ore":26,"minecraft:cocoa":4,"minecraft:jungle_log":6,"minecraft:iron_ore":48,"minecraft:jungle_leaves":5,"minecraft:stone":60,"minecraft:oak_leaves":2,"minecraft:fern":1},"minecraft:dropped":{"minecraft:wooden_pickaxe":1},"minecraft:broken":{"minecraft:stone_pickaxe":1}},"DataVersion":3120}