{"stats":{"minecraft:used":{"minecraft:iron_axe":4,"minecraft:stone_pickaxe":131,"minecraft:iron_pickaxe":191,"minecraft:iron_helmet":1,"minecraft:wooden_pickaxe":3,"minecraft:dirt":1,"minecraft:cobblestone":5,"minecraft:crafting_table":3,"minecraft:furnace":3,"alexsmobs:animal_dictionary":1},"minecraft:picked_up":{"minecraft:cocoa_beans":18,"minecraft:crafting_table":1,"minecraft:raw_iron":140,"minecraft:jungle_log":6,"minecraft:leather":2,"minecraft:dirt":1,"minecraft:slime_ball":1,"minecraft:beef":1,"minecraft:emerald":2,"minecraft:coal":107,"minecraft:cobblestone":83,"minecraft:furnace":2},"minecraft:killed":{"naturalist:snail":1,"minecraft:cow":1},"minecraft:crafted":{"minecraft:iron_boots":1,"minecraft:iron_chestplate":1,"minecraft:shield":1,"minecraft:iron_axe":1,"minecraft:crafting_table":2,"minecraft:stick":8,"minecraft:iron_pickaxe":1,"minecraft:wooden_pickaxe":1,"minecraft:iron_ingot":40,"minecraft:iron_helmet":1,"minecraft:stone_pickaxe":1,"minecraft:iron_leggings":1,"minecraft:furnace":3,"minecraft:air":0,"minecraft:jungle_planks":24},"minecraft:custom":{"minecraft:time_since_rest":22279,"minecraft:interact_with_furnace":23,"minecraft:sprint_one_cm":21936,"minecraft:damage_taken":80,"minecraft:walk_one_cm":49991,"minecraft:mob_kills":2,"minecraft:drop":1,"minecraft:damage_dealt":120,"minecraft:interact_with_crafting_table":12,"minecraft:fly_one_cm":29860,"minecraft:crouch_one_cm":35049,"minecraft:play_time":22279,"minecraft:sneak_time":6931,"minecraft:jump":362,"minecraft:leave_game":1,"minecraft:time_since_death":22279,"minecraft:climb_one_cm":648,"minecraft:total_world_time":22279,"minecraft:fall_one_cm":8918},"minecraft:mined":{"minecraft:furnace":2,"minecraft:iron_ore":140,"minecraft:jungle_leaves":5,"minecraft:crafting_table":1,"minecraft:emerald_ore":2,"minecraft:grass_block":1,"minecraft:coal_ore":98,"minecraft:cocoa":4,"minecraft:jungle_log":6,"minecraft:cobblestone":5,"minecraft:stone":78,"minecraft:oak_leaves":2,"minecraft:fern":1},"minecraft:dropped":{"minecraft:wooden_pickaxe":1},"minecraft:broken":{"minecraft:stone_pickaxe":1}},"DataVersion":3120}