{"stats":{"minecraft:used":{"minecraft:iron_shovel":617,"minecraft:stone_pickaxe":131,"minecraft:chest":2,"minecraft:wooden_pickaxe":3,"minecraft:shield":10,"minecraft:iron_sword":50,"minecraft:wooden_shovel":60,"minecraft:dirt":746,"minecraft:crafting_table":4,"minecraft:oak_log":6,"minecraft:apple":2,"minecraft:iron_axe":332,"minecraft:melon_slice":54,"minecraft:iron_pickaxe":270,"minecraft:iron_helmet":1,"minecraft:cobblestone":5,"minecraft:furnace":5,"alexsmobs:animal_dictionary":1},"minecraft:killed":{"naturalist:firefly":1,"minecraft:spider":6,"naturalist:coral_snake":1,"naturalist:snail":1,"minecraft:skeleton":3,"minecraft:zombie":17,"minecraft:cow":1},"minecraft:picked_up":{"minecraft:cocoa_beans":18,"minecraft:crafting_table":1,"minecraft:jungle_log":6,"minecraft:leather":2,"minecraft:oak_log":157,"minecraft:cornflower":1,"minecraft:dirt":783,"minecraft:string":6,"naturalist:glow_goop":1,"minecraft:bone":4,"minecraft:apple":2,"minecraft:wheat_seeds":47,"minecraft:beef":1,"minecraft:poppy":11,"minecraft:melon_slice":66,"minecraft:furnace":2,"minecraft:raw_iron":193,"minecraft:stick":24,"minecraft:dandelion":6,"minecraft:gravel":2,"farmersdelight:tomato_seeds":3,"minecraft:spider_eye":1,"minecraft:arrow":6,"minecraft:rotten_flesh":7,"minecraft:slime_ball":1,"immersiveengineering:seed":37,"minecraft:emerald":2,"minecraft:oak_sapling":33,"minecraft:coal":107,"minecraft:cobblestone":106},"minecraft:custom":{"minecraft:interact_with_furnace":52,"minecraft:mob_kills":30,"minecraft:interact_with_crafting_table":19,"minecraft:leave_game":1,"minecraft:time_since_death":82279,"minecraft:climb_one_cm":648,"minecraft:time_since_rest":82279,"minecraft:sprint_one_cm":126323,"minecraft:damage_taken":1002,"minecraft:walk_one_cm":375720,"minecraft:damage_blocked_by_shield":405,"minecraft:drop":26,"minecraft:damage_dealt":5386,"minecraft:fly_one_cm":114693,"minecraft:open_chest":31,"minecraft:crouch_one_cm":96002,"minecraft:play_time":82279,"minecraft:sneak_time":18843,"minecraft:walk_under_water_one_cm":65,"minecraft:jump":1029,"minecraft:walk_on_water_one_cm":108,"minecraft:total_world_time":82279,"minecraft:fall_one_cm":18245},"minecraft:crafted":{"minecraft:cooked_beef":1,"minecraft:oak_planks":28,"minecraft:wooden_shovel":1,"minecraft:crafting_table":3,"minecraft:wooden_pickaxe":1,"minecraft:iron_helmet":1,"minecraft:iron_sword":1,"minecraft:furnace":3,"minecraft:air":0,"minecraft:jungle_planks":24,"minecraft:iron_chestplate":1,"minecraft:iron_boots":1,"minecraft:shield":1,"minecraft:iron_axe":2,"minecraft:stick":28,"minecraft:iron_ingot":185,"minecraft:iron_pickaxe":2,"minecraft:stone_pickaxe":1,"minecraft:chest":2,"minecraft:iron_shovel":3,"minecraft:iron_leggings":1},"minecraft:mined":{"minecraft:jungle_leaves":5,"minecraft:crafting_table":1,"minecraft:emerald_ore":2,"minecraft:grass_block":605,"minecraft:melon":13,"minecraft:jungle_log":6,"minecraft:tall_grass":30,"minecraft:cobblestone":5,"bushierflowers:grown_dandelion":1,"farmersdelight:wild_tomatoes":4,"minecraft:furnace":2,"minecraft:iron_ore":193,"minecraft:grass":250,"minecraft:coal_ore":98,"minecraft:oak_log":155,"minecraft:cocoa":4,"minecraft:gravel":2,"minecraft:dirt":108,"minecraft:stone":101,"bushierflowers:grown_poppy":3,"minecraft:oak_leaves":155,"minecraft:fern":1},"minecraft:dropped":{"minecraft:wheat_seeds":15,"minecraft:poppy":1,"minecraft:dirt":18,"minecraft:melon_slice":2,"minecraft:oak_sapling":11,"minecraft:spider_eye":1,"minecraft:wooden_pickaxe":1,"minecraft:string":2,"immersiveengineering:seed":4,"minecraft:dandelion":2},"minecraft:broken":{"minecraft:stone_pickaxe":1,"minecraft:iron_shovel":2,"minecraft:wooden_shovel":1,"minecraft:iron_axe":1,"minecraft:iron_pickaxe":1}},"DataVersion":3120}