{"stats":{"minecraft:killed_by":{"man:managgresive":1},"minecraft:used":{"minecraft:wheat_seeds":175,"minecraft:water_bucket":16,"minecraft:iron_shovel":198,"minecraft:ladder":165,"minecraft:chest":1,"minecraft:iron_sword":43,"minecraft:torch":57,"minecraft:dirt":150,"minecraft:crafting_table":4,"cataclysm:stone_tiles":1,"mcwbridges:stone_brick_bridge_stair":23,"minecraft:wooden_hoe":41,"minecraft:melon_slice":1,"minecraft:iron_axe":189,"minecraft:bread":22,"minecraft:iron_pickaxe":1427,"minecraft:melon_seeds":10,"minecraft:stone_bricks":382,"minecraft:cobblestone":26,"minecraft:furnace":2,"minecraft:andesite":1,"minecraft:bucket":16,"minecraft:acacia_planks":12,"minecraft:smooth_stone":5},"minecraft:killed":{"naturalist:firefly":1,"alexsmobs:raccoon":1,"minecraft:rabbit":1,"minecraft:spider":1,"minecraft:creeper":1,"minecraft:zombie":7,"alexsmobs:gazelle":3,"alexsmobs:fly":2},"minecraft:picked_up":{"minecraft:birch_log":6,"minecraft:crafting_table":2,"minecraft:wheat":117,"minecraft:ladder":41,"minecraft:andesite":33,"minecraft:flint":5,"minecraft:oak_log":39,"minecraft:gunpowder":1,"minecraft:lapis_lazuli":96,"alexsmobs:gazelle_horn":1,"minecraft:dirt":167,"minecraft:acacia_planks":8,"minecraft:stone_bricks":334,"minecraft:wheat_seeds":326,"minecraft:smooth_stone":2,"minecraft:rabbit_hide":1,"mcwbridges:stone_brick_bridge_stair":26,"unusualprehistory:plant_fossil_item":15,"minecraft:melon_slice":26,"minecraft:raw_iron":88,"minecraft:oak_door":1,"minecraft:torch":28,"minecraft:acacia_log":85,"minecraft:gravel":42,"minecraft:diorite":10,"minecraft:redstone":13,"minecraft:rabbit_foot":1,"cataclysm:stone_tiles":1,"minecraft:rotten_flesh":9,"immersiveengineering:seed":1,"minecraft:granite":71,"alexsmobs:maggot":1,"unusualprehistory:mezo_fossil":4,"minecraft:melon_seeds":25,"minecraft:mutton":2,"minecraft:coal":149,"minecraft:cobblestone":656},"minecraft:crafted":{"minecraft:oak_planks":156,"minecraft:smooth_stone":19,"minecraft:stone_brick_wall":6,"minecraft:crafting_table":7,"mcwbridges:stone_brick_bridge_stair":12,"minecraft:furnace":2,"minecraft:stone":387,"minecraft:birch_planks":24,"minecraft:cracked_stone_bricks":2,"cataclysm:stone_tiles":4,"minecraft:bread":38,"minecraft:air":0,"minecraft:stone_brick_slab":12,"minecraft:iron_axe":1,"minecraft:ladder":234,"minecraft:stick":492,"minecraft:iron_ingot":21,"minecraft:iron_pickaxe":6,"minecraft:chest":1,"minecraft:iron_shovel":1,"mcwbridges:stone_brick_bridge":12,"minecraft:acacia_planks":130,"minecraft:torch":72,"minecraft:stone_bricks":368},"minecraft:custom":{"minecraft:interact_with_furnace":73,"minecraft:mob_kills":17,"minecraft:interact_with_crafting_table":31,"minecraft:leave_game":4,"minecraft:time_since_death":161228,"minecraft:sleep_in_bed":7,"minecraft:climb_one_cm":67495,"minecraft:time_since_rest":62666,"minecraft:damage_taken":1213,"minecraft:sprint_one_cm":341666,"minecraft:walk_one_cm":545227,"minecraft:drop":16,"minecraft:damage_dealt":2366,"minecraft:fly_one_cm":57769,"minecraft:open_chest":111,"minecraft:crouch_one_cm":4007,"minecraft:play_time":171062,"minecraft:deaths":1,"minecraft:sneak_time":2730,"minecraft:jump":806,"minecraft:walk_on_water_one_cm":652,"minecraft:total_world_time":171062,"minecraft:fall_one_cm":25308},"minecraft:mined":{"minecraft:acacia_leaves":10,"minecraft:attached_melon_stem":8,"minecraft:melon_stem":10,"minecraft:jungle_leaves":1,"minecraft:crafting_table":1,"cataclysm:stone_tiles":1,"minecraft:torch":5,"gravestone:gravestone":1,"minecraft:ladder":37,"minecraft:granite":71,"minecraft:acacia_log":88,"minecraft:grass_block":99,"unusualprehistory:plant_fossil":15,"minecraft:cobblestone":4,"minecraft:lapis_ore":16,"mcwbridges:stone_brick_bridge_stair":26,"minecraft:diorite":10,"minecraft:wall_torch":9,"minecraft:smooth_stone":2,"minecraft:redstone_ore":3,"minecraft:birch_log":6,"minecraft:iron_ore":67,"minecraft:wheat":129,"unusualprehistory:stone_fossil":4,"minecraft:andesite":33,"minecraft:grass":5,"minecraft:oak_log":39,"minecraft:coal_ore":151,"minecraft:gravel":47,"minecraft:dirt":55,"minecraft:acacia_planks":8,"minecraft:stone_bricks":358,"minecraft:stone":655,"minecraft:oak_leaves":4,"minecraft:fern":1},"minecraft:dropped":{"alexsmobs:animal_dictionary":1,"minecraft:cracked_stone_bricks":2,"cataclysm:stone_tiles":4,"patchouli:guide_book":1,"minecraft:stone_bricks":302,"minecraft:stone_brick_slab":3,"mcwbridges:stone_brick_bridge_stair":12},"minecraft:broken":{"minecraft:iron_shovel":1,"minecraft:iron_axe":1,"minecraft:iron_pickaxe":5}},"DataVersion":3120}