{"stats":{"minecraft:broken":{"minecraft:iron_shovel":1,"minecraft:iron_pickaxe":1},"minecraft:killed_by":{"man:managgresive":1},"minecraft:crafted":{"minecraft:stone_brick_slab":12,"minecraft:stone_brick_wall":6,"minecraft:ladder":6,"mcwbridges:stone_brick_bridge_stair":12,"minecraft:iron_pickaxe":2,"minecraft:iron_shovel":1,"minecraft:furnace":2,"mcwbridges:stone_brick_bridge":12,"minecraft:stone":370,"minecraft:stone_bricks":368,"minecraft:bread":11,"minecraft:air":0},"minecraft:used":{"minecraft:wheat_seeds":83,"mcwbridges:stone_brick_bridge_stair":23,"minecraft:water_bucket":16,"minecraft:wooden_hoe":40,"minecraft:iron_shovel":176,"minecraft:bread":8,"minecraft:ladder":5,"minecraft:iron_pickaxe":317,"minecraft:iron_sword":12,"minecraft:melon_seeds":10,"minecraft:stone_bricks":382,"minecraft:torch":30,"minecraft:dirt":141,"minecraft:cobblestone":2,"minecraft:furnace":2,"minecraft:bucket":16},"minecraft:mined":{"minecraft:melon_stem":8,"minecraft:wheat":47,"minecraft:jungle_leaves":1,"minecraft:torch":4,"minecraft:grass":2,"minecraft:coal_ore":2,"minecraft:grass_block":95,"minecraft:gravel":42,"minecraft:dirt":43,"mcwbridges:stone_brick_bridge_stair":14,"minecraft:stone":262,"minecraft:stone_bricks":34,"minecraft:wall_torch":4,"minecraft:fern":1},"minecraft:picked_up":{"minecraft:wheat":35,"minecraft:torch":9,"minecraft:gravel":37,"minecraft:flint":5,"minecraft:gunpowder":1,"minecraft:dirt":151,"minecraft:rotten_flesh":3,"minecraft:stone_bricks":34,"immersiveengineering:seed":1,"minecraft:wheat_seeds":101,"mcwbridges:stone_brick_bridge_stair":14,"minecraft:melon_seeds":10,"minecraft:coal":2,"minecraft:cobblestone":260},"minecraft:killed":{"minecraft:zombie":2,"minecraft:creeper":1},"minecraft:custom":{"minecraft:time_since_rest":1068,"minecraft:interact_with_furnace":32,"minecraft:damage_taken":772,"minecraft:sprint_one_cm":140466,"minecraft:walk_one_cm":282445,"minecraft:mob_kills":3,"minecraft:damage_dealt":620,"minecraft:interact_with_crafting_table":15,"minecraft:fly_one_cm":23731,"minecraft:open_chest":47,"minecraft:crouch_one_cm":3925,"minecraft:play_time":72346,"minecraft:deaths":1,"minecraft:sneak_time":867,"minecraft:jump":325,"minecraft:leave_game":3,"minecraft:walk_on_water_one_cm":560,"minecraft:time_since_death":62512,"minecraft:sleep_in_bed":5,"minecraft:climb_one_cm":13798,"minecraft:total_world_time":72346,"minecraft:fall_one_cm":14452}},"DataVersion":3120}