{"stats":{"minecraft:killed_by":{"man:managgresive":1},"minecraft:used":{"minecraft:wheat_seeds":175,"minecraft:wooden_hoe":41,"mcwbridges:stone_brick_bridge_stair":23,"minecraft:water_bucket":16,"minecraft:iron_shovel":179,"minecraft:iron_axe":99,"minecraft:bread":14,"minecraft:ladder":5,"minecraft:iron_pickaxe":317,"minecraft:chest":1,"minecraft:iron_sword":22,"minecraft:melon_seeds":10,"minecraft:stone_bricks":382,"minecraft:torch":34,"minecraft:cobblestone":2,"minecraft:dirt":147,"minecraft:furnace":2,"minecraft:bucket":16},"minecraft:killed":{"minecraft:zombie":4,"alexsmobs:gazelle":1,"minecraft:spider":1,"minecraft:creeper":1},"minecraft:picked_up":{"minecraft:wheat":117,"minecraft:torch":9,"minecraft:acacia_log":85,"minecraft:gravel":37,"minecraft:flint":5,"minecraft:gunpowder":1,"alexsmobs:gazelle_horn":1,"minecraft:dirt":154,"minecraft:rotten_flesh":5,"minecraft:stone_bricks":34,"immersiveengineering:seed":1,"minecraft:wheat_seeds":326,"mcwbridges:stone_brick_bridge_stair":14,"minecraft:mutton":1,"minecraft:melon_seeds":25,"minecraft:coal":2,"minecraft:cobblestone":260},"minecraft:crafted":{"minecraft:stone_brick_slab":12,"minecraft:stone_brick_wall":6,"minecraft:ladder":6,"mcwbridges:stone_brick_bridge_stair":12,"minecraft:iron_pickaxe":2,"minecraft:chest":1,"minecraft:iron_shovel":1,"minecraft:furnace":2,"mcwbridges:stone_brick_bridge":12,"minecraft:stone":370,"minecraft:acacia_planks":12,"minecraft:stone_bricks":368,"minecraft:air":0,"minecraft:bread":38},"minecraft:custom":{"minecraft:time_since_rest":3437,"minecraft:interact_with_furnace":32,"minecraft:sprint_one_cm":205317,"minecraft:damage_taken":850,"minecraft:walk_one_cm":373560,"minecraft:mob_kills":7,"minecraft:damage_dealt":1276,"minecraft:interact_with_crafting_table":17,"minecraft:fly_one_cm":31184,"minecraft:open_chest":71,"minecraft:crouch_one_cm":3925,"minecraft:play_time":99062,"minecraft:deaths":1,"minecraft:sneak_time":867,"minecraft:jump":385,"minecraft:leave_game":4,"minecraft:time_since_death":89228,"minecraft:walk_on_water_one_cm":652,"minecraft:sleep_in_bed":6,"minecraft:total_world_time":99062,"minecraft:climb_one_cm":14242,"minecraft:fall_one_cm":15257},"minecraft:mined":{"minecraft:acacia_leaves":10,"minecraft:attached_melon_stem":8,"minecraft:melon_stem":10,"minecraft:wheat":129,"minecraft:jungle_leaves":1,"minecraft:torch":4,"minecraft:acacia_log":88,"minecraft:grass":5,"minecraft:grass_block":95,"minecraft:coal_ore":2,"minecraft:gravel":42,"minecraft:dirt":46,"mcwbridges:stone_brick_bridge_stair":14,"minecraft:stone":262,"minecraft:stone_bricks":34,"minecraft:wall_torch":4,"minecraft:fern":1},"minecraft:broken":{"minecraft:iron_shovel":1,"minecraft:iron_pickaxe":1}},"DataVersion":3120}