{"stats":{"minecraft:killed_by":{"man:managgresive":1},"minecraft:used":{"minecraft:wheat_seeds":175,"minecraft:water_bucket":16,"minecraft:iron_shovel":179,"minecraft:ladder":5,"minecraft:chest":1,"minecraft:iron_sword":22,"minecraft:torch":35,"minecraft:dirt":147,"cataclysm:stone_tiles":1,"mcwbridges:stone_brick_bridge_stair":23,"minecraft:wooden_hoe":41,"minecraft:iron_axe":107,"minecraft:bread":14,"minecraft:iron_pickaxe":513,"minecraft:melon_seeds":10,"minecraft:stone_bricks":382,"minecraft:cobblestone":2,"minecraft:furnace":2,"minecraft:bucket":16,"minecraft:acacia_planks":12,"minecraft:smooth_stone":5},"minecraft:killed":{"minecraft:spider":1,"minecraft:creeper":1,"minecraft:zombie":4,"alexsmobs:gazelle":1},"minecraft:picked_up":{"minecraft:wheat":117,"minecraft:ladder":5,"minecraft:flint":5,"minecraft:gunpowder":1,"alexsmobs:gazelle_horn":1,"minecraft:dirt":154,"minecraft:acacia_planks":8,"minecraft:stone_bricks":223,"minecraft:wheat_seeds":326,"minecraft:smooth_stone":2,"mcwbridges:stone_brick_bridge_stair":14,"minecraft:torch":19,"minecraft:acacia_log":85,"minecraft:gravel":37,"cataclysm:stone_tiles":1,"minecraft:rotten_flesh":5,"immersiveengineering:seed":1,"minecraft:melon_seeds":25,"minecraft:mutton":1,"minecraft:coal":2,"minecraft:cobblestone":260},"minecraft:crafted":{"minecraft:smooth_stone":3,"minecraft:stone_brick_wall":6,"mcwbridges:stone_brick_bridge_stair":12,"minecraft:furnace":2,"minecraft:stone":386,"minecraft:cracked_stone_bricks":1,"cataclysm:stone_tiles":4,"minecraft:bread":38,"minecraft:air":0,"minecraft:stone_brick_slab":12,"minecraft:ladder":6,"minecraft:iron_pickaxe":2,"minecraft:chest":1,"minecraft:iron_shovel":1,"mcwbridges:stone_brick_bridge":12,"minecraft:acacia_planks":22,"minecraft:stone_bricks":368},"minecraft:custom":{"minecraft:interact_with_furnace":47,"minecraft:mob_kills":7,"minecraft:interact_with_crafting_table":18,"minecraft:leave_game":4,"minecraft:time_since_death":101228,"minecraft:sleep_in_bed":7,"minecraft:climb_one_cm":14815,"minecraft:time_since_rest":2666,"minecraft:damage_taken":870,"minecraft:sprint_one_cm":213153,"minecraft:walk_one_cm":412516,"minecraft:damage_dealt":1276,"minecraft:fly_one_cm":32156,"minecraft:open_chest":76,"minecraft:crouch_one_cm":3925,"minecraft:play_time":111062,"minecraft:deaths":1,"minecraft:sneak_time":867,"minecraft:jump":413,"minecraft:walk_on_water_one_cm":652,"minecraft:total_world_time":111062,"minecraft:fall_one_cm":16345},"minecraft:mined":{"minecraft:acacia_leaves":10,"minecraft:attached_melon_stem":8,"minecraft:melon_stem":10,"minecraft:jungle_leaves":1,"cataclysm:stone_tiles":1,"minecraft:torch":5,"minecraft:acacia_log":88,"minecraft:grass_block":95,"mcwbridges:stone_brick_bridge_stair":14,"minecraft:wall_torch":4,"minecraft:smooth_stone":2,"minecraft:wheat":129,"minecraft:grass":5,"minecraft:coal_ore":2,"minecraft:gravel":42,"minecraft:dirt":46,"minecraft:acacia_planks":8,"minecraft:stone_bricks":227,"minecraft:stone":262,"minecraft:fern":1},"minecraft:broken":{"minecraft:iron_shovel":1,"minecraft:iron_pickaxe":2}},"DataVersion":3120}