{"stats":{"minecraft:killed_by":{"man:managgresive":1},"minecraft:used":{"minecraft:wheat_seeds":175,"minecraft:water_bucket":16,"minecraft:iron_shovel":184,"minecraft:ladder":37,"minecraft:chest":1,"minecraft:iron_sword":22,"minecraft:torch":37,"minecraft:dirt":147,"minecraft:crafting_table":1,"cataclysm:stone_tiles":1,"mcwbridges:stone_brick_bridge_stair":23,"minecraft:wooden_hoe":41,"minecraft:melon_slice":1,"minecraft:iron_axe":155,"minecraft:bread":14,"minecraft:iron_pickaxe":706,"minecraft:melon_seeds":10,"minecraft:stone_bricks":382,"minecraft:cobblestone":2,"minecraft:furnace":2,"minecraft:bucket":16,"minecraft:acacia_planks":12,"minecraft:smooth_stone":5},"minecraft:killed":{"minecraft:spider":1,"minecraft:creeper":1,"minecraft:zombie":4,"alexsmobs:gazelle":1},"minecraft:picked_up":{"minecraft:birch_log":6,"minecraft:wheat":117,"minecraft:ladder":6,"minecraft:flint":5,"minecraft:oak_log":39,"minecraft:gunpowder":1,"alexsmobs:gazelle_horn":1,"minecraft:dirt":155,"minecraft:acacia_planks":8,"minecraft:stone_bricks":334,"minecraft:wheat_seeds":326,"minecraft:smooth_stone":2,"mcwbridges:stone_brick_bridge_stair":26,"minecraft:melon_slice":26,"minecraft:raw_iron":21,"minecraft:oak_door":1,"minecraft:torch":21,"minecraft:acacia_log":85,"minecraft:gravel":40,"minecraft:diorite":3,"cataclysm:stone_tiles":1,"minecraft:rotten_flesh":5,"immersiveengineering:seed":1,"minecraft:melon_seeds":25,"minecraft:mutton":1,"minecraft:coal":2,"minecraft:cobblestone":306},"minecraft:crafted":{"minecraft:oak_planks":156,"minecraft:smooth_stone":3,"minecraft:stone_brick_wall":6,"minecraft:crafting_table":1,"mcwbridges:stone_brick_bridge_stair":12,"minecraft:furnace":2,"minecraft:stone":387,"minecraft:birch_planks":24,"minecraft:cracked_stone_bricks":2,"cataclysm:stone_tiles":4,"minecraft:bread":38,"minecraft:air":0,"minecraft:stone_brick_slab":12,"minecraft:ladder":114,"minecraft:stick":256,"minecraft:iron_ingot":6,"minecraft:iron_pickaxe":4,"minecraft:chest":1,"minecraft:iron_shovel":1,"mcwbridges:stone_brick_bridge":12,"minecraft:acacia_planks":22,"minecraft:stone_bricks":368},"minecraft:custom":{"minecraft:interact_with_furnace":58,"minecraft:mob_kills":7,"minecraft:interact_with_crafting_table":22,"minecraft:leave_game":4,"minecraft:time_since_death":113228,"minecraft:sleep_in_bed":7,"minecraft:climb_one_cm":22095,"minecraft:time_since_rest":14666,"minecraft:damage_taken":920,"minecraft:sprint_one_cm":233627,"minecraft:walk_one_cm":444717,"minecraft:drop":14,"minecraft:damage_dealt":1276,"minecraft:fly_one_cm":36332,"minecraft:open_chest":84,"minecraft:crouch_one_cm":3925,"minecraft:play_time":123062,"minecraft:deaths":1,"minecraft:sneak_time":1001,"minecraft:jump":455,"minecraft:walk_on_water_one_cm":652,"minecraft:total_world_time":123062,"minecraft:fall_one_cm":17897},"minecraft:mined":{"minecraft:acacia_leaves":10,"minecraft:attached_melon_stem":8,"minecraft:melon_stem":10,"minecraft:jungle_leaves":1,"cataclysm:stone_tiles":1,"minecraft:torch":5,"minecraft:ladder":1,"minecraft:acacia_log":88,"minecraft:grass_block":95,"mcwbridges:stone_brick_bridge_stair":26,"minecraft:diorite":3,"minecraft:wall_torch":5,"minecraft:smooth_stone":2,"minecraft:birch_log":6,"minecraft:wheat":129,"minecraft:grass":5,"minecraft:oak_log":39,"minecraft:coal_ore":2,"minecraft:gravel":45,"minecraft:dirt":47,"minecraft:acacia_planks":8,"minecraft:stone_bricks":358,"minecraft:stone":309,"minecraft:oak_leaves":2,"minecraft:fern":1},"minecraft:dropped":{"minecraft:cracked_stone_bricks":2,"cataclysm:stone_tiles":4,"minecraft:stone_bricks":302,"minecraft:stone_brick_slab":3,"mcwbridges:stone_brick_bridge_stair":12},"minecraft:broken":{"minecraft:iron_shovel":1,"minecraft:iron_pickaxe":2}},"DataVersion":3120}