{"stats":{"minecraft:killed_by":{"man:managgresive":1},"minecraft:used":{"minecraft:wheat_seeds":175,"minecraft:water_bucket":16,"minecraft:iron_shovel":189,"minecraft:ladder":125,"minecraft:chest":1,"minecraft:iron_sword":22,"minecraft:torch":42,"minecraft:dirt":150,"minecraft:crafting_table":1,"cataclysm:stone_tiles":1,"mcwbridges:stone_brick_bridge_stair":23,"minecraft:wooden_hoe":41,"minecraft:melon_slice":1,"minecraft:iron_axe":188,"minecraft:bread":15,"minecraft:iron_pickaxe":1001,"minecraft:melon_seeds":10,"minecraft:stone_bricks":382,"minecraft:cobblestone":2,"minecraft:furnace":2,"minecraft:andesite":1,"minecraft:bucket":16,"minecraft:acacia_planks":12,"minecraft:smooth_stone":5},"minecraft:killed":{"minecraft:spider":1,"minecraft:creeper":1,"minecraft:zombie":4,"alexsmobs:gazelle":1},"minecraft:picked_up":{"minecraft:birch_log":6,"minecraft:wheat":117,"minecraft:ladder":40,"minecraft:andesite":33,"minecraft:flint":5,"minecraft:oak_log":39,"minecraft:gunpowder":1,"minecraft:lapis_lazuli":15,"alexsmobs:gazelle_horn":1,"minecraft:dirt":158,"minecraft:acacia_planks":8,"minecraft:stone_bricks":334,"minecraft:wheat_seeds":326,"minecraft:smooth_stone":2,"mcwbridges:stone_brick_bridge_stair":26,"unusualprehistory:plant_fossil_item":9,"minecraft:melon_slice":26,"minecraft:raw_iron":39,"minecraft:oak_door":1,"minecraft:torch":21,"minecraft:acacia_log":85,"minecraft:gravel":42,"minecraft:diorite":9,"cataclysm:stone_tiles":1,"minecraft:rotten_flesh":5,"immersiveengineering:seed":1,"minecraft:granite":47,"minecraft:melon_seeds":25,"minecraft:mutton":1,"minecraft:coal":2,"minecraft:cobblestone":482},"minecraft:crafted":{"minecraft:oak_planks":156,"minecraft:smooth_stone":3,"minecraft:stone_brick_wall":6,"minecraft:crafting_table":1,"mcwbridges:stone_brick_bridge_stair":12,"minecraft:furnace":2,"minecraft:stone":387,"minecraft:birch_planks":24,"minecraft:cracked_stone_bricks":2,"cataclysm:stone_tiles":4,"minecraft:bread":38,"minecraft:air":0,"minecraft:stone_brick_slab":12,"minecraft:ladder":114,"minecraft:stick":256,"minecraft:iron_ingot":6,"minecraft:iron_pickaxe":4,"minecraft:chest":1,"minecraft:iron_shovel":1,"mcwbridges:stone_brick_bridge":12,"minecraft:acacia_planks":22,"minecraft:stone_bricks":368},"minecraft:custom":{"minecraft:interact_with_furnace":58,"minecraft:mob_kills":7,"minecraft:interact_with_crafting_table":22,"minecraft:leave_game":4,"minecraft:time_since_death":125228,"minecraft:sleep_in_bed":7,"minecraft:climb_one_cm":51708,"minecraft:time_since_rest":26666,"minecraft:damage_taken":920,"minecraft:sprint_one_cm":243208,"minecraft:walk_one_cm":463075,"minecraft:drop":14,"minecraft:damage_dealt":1276,"minecraft:fly_one_cm":36332,"minecraft:open_chest":84,"minecraft:crouch_one_cm":3980,"minecraft:play_time":135062,"minecraft:deaths":1,"minecraft:sneak_time":2155,"minecraft:jump":483,"minecraft:walk_on_water_one_cm":652,"minecraft:total_world_time":135062,"minecraft:fall_one_cm":17897},"minecraft:mined":{"minecraft:acacia_leaves":10,"minecraft:attached_melon_stem":8,"minecraft:melon_stem":10,"minecraft:jungle_leaves":1,"cataclysm:stone_tiles":1,"minecraft:torch":5,"minecraft:ladder":37,"minecraft:granite":47,"minecraft:acacia_log":88,"minecraft:grass_block":95,"unusualprehistory:plant_fossil":9,"minecraft:lapis_ore":2,"mcwbridges:stone_brick_bridge_stair":26,"minecraft:diorite":9,"minecraft:wall_torch":5,"minecraft:smooth_stone":2,"minecraft:birch_log":6,"minecraft:iron_ore":18,"minecraft:wheat":129,"minecraft:andesite":33,"minecraft:grass":5,"minecraft:oak_log":39,"minecraft:coal_ore":2,"minecraft:gravel":47,"minecraft:dirt":50,"minecraft:acacia_planks":8,"minecraft:stone_bricks":358,"minecraft:stone":484,"minecraft:oak_leaves":2,"minecraft:fern":1},"minecraft:dropped":{"minecraft:cracked_stone_bricks":2,"cataclysm:stone_tiles":4,"minecraft:stone_bricks":302,"minecraft:stone_brick_slab":3,"mcwbridges:stone_brick_bridge_stair":12},"minecraft:broken":{"minecraft:iron_shovel":1,"minecraft:iron_axe":1,"minecraft:iron_pickaxe":4}},"DataVersion":3120}