{"stats":{"minecraft:killed_by":{"man:managgresive":2},"minecraft:used":{"minecraft:wheat_seeds":271,"minecraft:water_bucket":16,"minecraft:iron_shovel":218,"minecraft:ladder":177,"minecraft:chest":1,"minecraft:iron_sword":72,"minecraft:oak_door":1,"minecraft:torch":65,"minecraft:dirt":150,"minecraft:crafting_table":4,"cataclysm:stone_tiles":1,"minecraft:wooden_hoe":41,"mcwbridges:stone_brick_bridge_stair":23,"minecraft:bread":33,"minecraft:melon_slice":1,"minecraft:iron_axe":193,"minecraft:iron_pickaxe":1759,"simplyswords:diamond_greathammer":2,"minecraft:melon_seeds":10,"minecraft:stone_bricks":382,"minecraft:cobblestone":32,"minecraft:furnace":4,"minecraft:bucket":16,"minecraft:andesite":1,"minecraft:smooth_stone_slab":1,"minecraft:smooth_stone":406,"minecraft:acacia_planks":12},"minecraft:killed":{"naturalist:firefly":3,"alexsmobs:raccoon":1,"minecraft:rabbit":1,"minecraft:spider":2,"minecraft:wandering_trader":1,"minecraft:creeper":1,"minecraft:skeleton":1,"minecraft:trader_llama":1,"minecraft:zombie":10,"minecraft:chicken":1,"alexsmobs:gazelle":3,"alexsmobs:fly":2},"minecraft:picked_up":{"minecraft:birch_log":6,"minecraft:crafting_table":2,"minecraft:wheat":206,"minecraft:feather":2,"minecraft:chicken":1,"minecraft:ladder":42,"minecraft:andesite":75,"minecraft:leather":1,"minecraft:lead":1,"minecraft:flint":5,"minecraft:oak_log":39,"minecraft:gunpowder":1,"minecraft:string":2,"minecraft:lapis_lazuli":130,"alexsmobs:gazelle_horn":1,"minecraft:dirt":182,"minecraft:raw_copper":6,"minecraft:smooth_stone_slab":1,"naturalist:glow_goop":1,"immersiveengineering:hemp_fiber":1,"minecraft:bone":2,"minecraft:acacia_planks":12,"minecraft:stone_bricks":334,"minecraft:wheat_seeds":584,"minecraft:smooth_stone":32,"minecraft:raw_gold":7,"minecraft:rabbit_hide":1,"mcwbridges:stone_brick_bridge_stair":26,"unusualprehistory:plant_fossil_item":15,"minecraft:iron_pickaxe":1,"minecraft:melon_slice":26,"minecraft:raw_iron":92,"minecraft:oak_door":1,"minecraft:torch":38,"minecraft:acacia_log":85,"minecraft:gravel":44,"minecraft:diorite":10,"minecraft:redstone":13,"minecraft:spider_eye":1,"minecraft:rabbit_foot":1,"cataclysm:stone_tiles":1,"simplyswords:diamond_greathammer":1,"minecraft:arrow":2,"minecraft:rotten_flesh":12,"immersiveengineering:seed":3,"minecraft:granite":102,"alexsmobs:maggot":1,"minecraft:melon_seeds":25,"minecraft:mutton":2,"minecraft:coal":170,"unusualprehistory:mezo_fossil":4,"minecraft:cobblestone":867},"minecraft:crafted":{"minecraft:oak_planks":156,"minecraft:smooth_stone":434,"minecraft:stone_brick_wall":6,"minecraft:smooth_stone_slab":6,"minecraft:crafting_table":7,"mcwbridges:stone_brick_bridge_stair":12,"minecraft:furnace":4,"minecraft:stone":948,"minecraft:birch_planks":24,"minecraft:cracked_stone_bricks":2,"cataclysm:stone_tiles":4,"minecraft:bread":68,"minecraft:air":0,"minecraft:stone_brick_slab":12,"minecraft:iron_axe":1,"minecraft:ladder":234,"minecraft:stick":492,"minecraft:iron_ingot":78,"minecraft:iron_pickaxe":8,"minecraft:chest":1,"minecraft:iron_shovel":1,"mcwbridges:stone_brick_bridge":12,"minecraft:acacia_planks":130,"minecraft:torch":72,"minecraft:stone_bricks":368},"minecraft:custom":{"minecraft:interact_with_furnace":203,"minecraft:mob_kills":28,"minecraft:interact_with_crafting_table":37,"minecraft:leave_game":6,"minecraft:time_since_death":88204,"minecraft:sleep_in_bed":7,"minecraft:climb_one_cm":99695,"minecraft:time_since_rest":88297,"minecraft:sprint_one_cm":495498,"minecraft:damage_taken":1883,"minecraft:walk_one_cm":787338,"minecraft:drop":40,"minecraft:damage_dealt":4316,"minecraft:talked_to_villager":3,"minecraft:fly_one_cm":86462,"minecraft:open_chest":162,"minecraft:crouch_one_cm":6138,"minecraft:play_time":281623,"minecraft:deaths":2,"minecraft:sneak_time":3371,"minecraft:jump":1076,"minecraft:walk_on_water_one_cm":847,"minecraft:total_world_time":281623,"minecraft:fall_one_cm":33249},"minecraft:mined":{"minecraft:acacia_leaves":10,"minecraft:attached_melon_stem":8,"minecraft:melon_stem":10,"minecraft:jungle_leaves":1,"cataclysm:stone_tiles":1,"minecraft:crafting_table":1,"minecraft:ladder":37,"minecraft:torch":7,"minecraft:granite":102,"gravestone:gravestone":2,"minecraft:acacia_log":88,"minecraft:grass_block":99,"unusualprehistory:plant_fossil":15,"minecraft:copper_ore":2,"minecraft:cobblestone":4,"mcwbridges:stone_brick_bridge_stair":26,"minecraft:lapis_ore":21,"minecraft:diorite":10,"minecraft:wall_torch":17,"minecraft:smooth_stone":10,"minecraft:redstone_ore":3,"minecraft:birch_log":6,"minecraft:iron_ore":71,"minecraft:wheat":221,"unusualprehistory:stone_fossil":4,"minecraft:andesite":75,"minecraft:smooth_stone_slab":1,"minecraft:grass":5,"minecraft:oak_log":39,"minecraft:coal_ore":172,"minecraft:gravel":49,"minecraft:dirt":70,"minecraft:acacia_planks":12,"minecraft:stone":865,"minecraft:stone_bricks":358,"minecraft:gold_ore":7,"minecraft:oak_leaves":4,"minecraft:fern":1},"minecraft:dropped":{"alexsmobs:animal_dictionary":1,"minecraft:cracked_stone_bricks":2,"cataclysm:stone_tiles":4,"patchouli:guide_book":1,"simplyswords:diamond_greathammer":1,"minecraft:stone_bricks":302,"minecraft:iron_pickaxe":1,"minecraft:smooth_stone":22,"minecraft:stone_brick_slab":3,"mcwbridges:stone_brick_bridge_stair":12},"minecraft:broken":{"minecraft:iron_shovel":1,"minecraft:iron_axe":1,"minecraft:iron_pickaxe":7}},"DataVersion":3120}