{"stats":{"minecraft:killed_by":{"man:managgresive":1},"minecraft:used":{"minecraft:wheat_seeds":175,"minecraft:water_bucket":16,"minecraft:iron_shovel":189,"minecraft:ladder":125,"minecraft:chest":1,"minecraft:iron_sword":34,"minecraft:torch":46,"minecraft:dirt":150,"minecraft:crafting_table":1,"cataclysm:stone_tiles":1,"mcwbridges:stone_brick_bridge_stair":23,"minecraft:wooden_hoe":41,"minecraft:melon_slice":1,"minecraft:iron_axe":188,"minecraft:bread":17,"minecraft:iron_pickaxe":1196,"minecraft:melon_seeds":10,"minecraft:stone_bricks":382,"minecraft:cobblestone":2,"minecraft:furnace":2,"minecraft:andesite":1,"minecraft:bucket":16,"minecraft:acacia_planks":12,"minecraft:smooth_stone":5},"minecraft:killed":{"naturalist:firefly":1,"alexsmobs:raccoon":1,"minecraft:rabbit":1,"minecraft:spider":1,"minecraft:creeper":1,"minecraft:zombie":6,"alexsmobs:gazelle":2,"alexsmobs:fly":1},"minecraft:picked_up":{"minecraft:birch_log":6,"minecraft:wheat":117,"minecraft:ladder":40,"minecraft:andesite":33,"minecraft:flint":5,"minecraft:oak_log":39,"minecraft:gunpowder":1,"minecraft:lapis_lazuli":15,"alexsmobs:gazelle_horn":1,"minecraft:dirt":158,"minecraft:acacia_planks":8,"minecraft:stone_bricks":334,"minecraft:wheat_seeds":326,"minecraft:smooth_stone":2,"minecraft:rabbit_hide":1,"mcwbridges:stone_brick_bridge_stair":26,"unusualprehistory:plant_fossil_item":9,"minecraft:melon_slice":26,"minecraft:raw_iron":78,"minecraft:oak_door":1,"minecraft:torch":21,"minecraft:acacia_log":85,"minecraft:gravel":42,"minecraft:diorite":9,"minecraft:rabbit_foot":1,"cataclysm:stone_tiles":1,"minecraft:rotten_flesh":7,"immersiveengineering:seed":1,"minecraft:granite":47,"alexsmobs:maggot":1,"minecraft:melon_seeds":25,"minecraft:mutton":2,"minecraft:coal":149,"minecraft:cobblestone":488},"minecraft:crafted":{"minecraft:oak_planks":156,"minecraft:smooth_stone":19,"minecraft:stone_brick_wall":6,"minecraft:crafting_table":1,"mcwbridges:stone_brick_bridge_stair":12,"minecraft:furnace":2,"minecraft:stone":387,"minecraft:birch_planks":24,"minecraft:cracked_stone_bricks":2,"cataclysm:stone_tiles":4,"minecraft:bread":38,"minecraft:air":0,"minecraft:stone_brick_slab":12,"minecraft:ladder":114,"minecraft:stick":256,"minecraft:iron_ingot":21,"minecraft:iron_pickaxe":4,"minecraft:chest":1,"minecraft:iron_shovel":1,"mcwbridges:stone_brick_bridge":12,"minecraft:acacia_planks":22,"minecraft:stone_bricks":368},"minecraft:custom":{"minecraft:interact_with_furnace":63,"minecraft:mob_kills":14,"minecraft:interact_with_crafting_table":22,"minecraft:leave_game":4,"minecraft:time_since_death":137228,"minecraft:sleep_in_bed":7,"minecraft:climb_one_cm":52563,"minecraft:time_since_rest":38666,"minecraft:damage_taken":981,"minecraft:sprint_one_cm":288978,"minecraft:walk_one_cm":504446,"minecraft:drop":16,"minecraft:damage_dealt":1896,"minecraft:fly_one_cm":50867,"minecraft:open_chest":91,"minecraft:crouch_one_cm":3980,"minecraft:play_time":147062,"minecraft:deaths":1,"minecraft:sneak_time":2155,"minecraft:jump":716,"minecraft:walk_on_water_one_cm":652,"minecraft:total_world_time":147062,"minecraft:fall_one_cm":21193},"minecraft:mined":{"minecraft:acacia_leaves":10,"minecraft:attached_melon_stem":8,"minecraft:melon_stem":10,"minecraft:jungle_leaves":1,"cataclysm:stone_tiles":1,"minecraft:torch":5,"gravestone:gravestone":1,"minecraft:ladder":37,"minecraft:granite":47,"minecraft:acacia_log":88,"minecraft:grass_block":95,"unusualprehistory:plant_fossil":9,"minecraft:lapis_ore":2,"mcwbridges:stone_brick_bridge_stair":26,"minecraft:diorite":9,"minecraft:wall_torch":5,"minecraft:smooth_stone":2,"minecraft:birch_log":6,"minecraft:iron_ore":57,"minecraft:wheat":129,"minecraft:andesite":33,"minecraft:grass":5,"minecraft:oak_log":39,"minecraft:coal_ore":151,"minecraft:gravel":47,"minecraft:dirt":50,"minecraft:acacia_planks":8,"minecraft:stone_bricks":358,"minecraft:stone":490,"minecraft:oak_leaves":2,"minecraft:fern":1},"minecraft:dropped":{"alexsmobs:animal_dictionary":1,"minecraft:cracked_stone_bricks":2,"cataclysm:stone_tiles":4,"patchouli:guide_book":1,"minecraft:stone_bricks":302,"minecraft:stone_brick_slab":3,"mcwbridges:stone_brick_bridge_stair":12},"minecraft:broken":{"minecraft:iron_shovel":1,"minecraft:iron_axe":1,"minecraft:iron_pickaxe":4}},"DataVersion":3120}