{"stats":{"minecraft:killed_by":{"minecraft:skeleton":1,"minecraft:spider":1,"minecraft:zombie":1},"minecraft:used":{"minecraft:cooked_mutton":4,"minecraft:wheat_seeds":60,"minecraft:water_bucket":20,"minecraft:stone_sword":11,"minecraft:iron_shovel":109,"minecraft:acacia_log":1,"minecraft:stone_shovel":283,"minecraft:stone_pickaxe":131,"minecraft:ladder":1,"minecraft:chest":5,"minecraft:wooden_pickaxe":8,"minecraft:iron_sword":36,"minecraft:oak_door":4,"minecraft:torch":70,"minecraft:dirt":341,"minecraft:crafting_table":4,"minecraft:wooden_axe":57,"minecraft:wooden_hoe":72,"minecraft:iron_pickaxe":250,"minecraft:iron_axe":62,"minecraft:bread":1,"minecraft:melon_seeds":9,"minecraft:stone_bricks":86,"minecraft:cobblestone":2,"minecraft:furnace":2,"minecraft:bucket":20,"alexsmobs:animal_dictionary":1},"minecraft:killed":{"naturalist:bluejay":1,"minecraft:spider":3,"naturalist:snail":1,"minecraft:skeleton":1,"minecraft:sheep":1,"minecraft:zombie":5,"alexsmobs:gazelle":6,"alexsmobs:fly":1,"alexsmobs:crow":1},"minecraft:picked_up":{"minecraft:cocoa_beans":3,"minecraft:crafting_table":1,"minecraft:wheat":9,"minecraft:feather":3,"minecraft:ladder":1,"minecraft:wooden_pickaxe":1,"minecraft:oak_log":25,"alexsmobs:gazelle_horn":2,"minecraft:dirt":412,"minecraft:raw_copper":10,"minecraft:bone":2,"minecraft:stone_bricks":6,"minecraft:wheat_seeds":91,"minecraft:chest":1,"minecraft:acacia_sapling":1,"minecraft:iron_boots":1,"minecraft:stick":2,"minecraft:raw_iron":23,"minecraft:oak_door":3,"minecraft:torch":18,"minecraft:acacia_log":51,"minecraft:gravel":11,"immersiveengineering:raw_aluminum":1,"minecraft:arrow":2,"minecraft:rotten_flesh":10,"immersiveengineering:seed":60,"alexsmobs:maggot":3,"minecraft:melon_seeds":13,"minecraft:mutton":4,"minecraft:coal":104,"minecraft:white_wool":1,"minecraft:cobblestone":251},"minecraft:crafted":{"minecraft:oak_door":3,"minecraft:oak_planks":100,"minecraft:stone_shovel":2,"minecraft:crafting_table":4,"minecraft:wooden_pickaxe":1,"minecraft:iron_helmet":1,"minecraft:iron_sword":1,"minecraft:furnace":2,"minecraft:stone":83,"minecraft:bucket":1,"minecraft:cooked_mutton":4,"minecraft:bread":3,"minecraft:air":0,"minecraft:iron_boots":2,"minecraft:iron_chestplate":1,"minecraft:wooden_hoe":2,"minecraft:charcoal":1,"minecraft:iron_axe":1,"minecraft:stick":130,"minecraft:iron_ingot":23,"minecraft:iron_pickaxe":2,"minecraft:stone_pickaxe":1,"minecraft:wooden_axe":2,"minecraft:chest":4,"minecraft:iron_shovel":2,"minecraft:iron_leggings":1,"minecraft:acacia_planks":40,"minecraft:torch":92,"minecraft:stone_bricks":80},"minecraft:custom":{"minecraft:interact_with_furnace":33,"minecraft:mob_kills":20,"minecraft:interact_with_crafting_table":26,"minecraft:leave_game":3,"minecraft:time_since_death":33753,"minecraft:climb_one_cm":19072,"minecraft:time_since_rest":33802,"minecraft:sprint_one_cm":250085,"minecraft:damage_taken":972,"minecraft:walk_one_cm":617967,"minecraft:drop":3,"minecraft:damage_dealt":2780,"minecraft:fly_one_cm":45606,"minecraft:open_chest":103,"minecraft:play_time":130742,"minecraft:crouch_one_cm":109,"minecraft:sneak_time":150,"minecraft:deaths":3,"minecraft:jump":700,"minecraft:walk_on_water_one_cm":942,"minecraft:total_world_time":130742,"minecraft:fall_one_cm":16066},"minecraft:mined":{"minecraft:acacia_leaves":6,"minecraft:farmland":1,"minecraft:oak_door":2,"minecraft:crafting_table":1,"minecraft:torch":6,"gravestone:gravestone":3,"minecraft:acacia_log":52,"minecraft:grass_block":327,"minecraft:chest":1,"minecraft:tall_grass":44,"minecraft:copper_ore":2,"minecraft:wall_torch":6,"minecraft:iron_ore":23,"minecraft:wheat":10,"minecraft:grass":444,"minecraft:oak_log":25,"minecraft:coal_ore":104,"minecraft:cocoa":1,"minecraft:gravel":11,"minecraft:dirt":73,"minecraft:stone_bricks":6,"minecraft:stone":251,"immersiveengineering:ore_aluminum":1,"minecraft:oak_leaves":4},"minecraft:dropped":{"minecraft:rotten_flesh":2,"minecraft:iron_boots":1,"minecraft:wooden_pickaxe":1},"minecraft:broken":{"minecraft:stone_pickaxe":1,"minecraft:iron_pickaxe":1,"minecraft:wooden_axe":1,"minecraft:wooden_hoe":1,"minecraft:stone_shovel":2}},"DataVersion":3120}