{"stats":{"minecraft:broken":{"minecraft:stone_pickaxe":5,"minecraft:wooden_axe":1,"minecraft:wooden_pickaxe":1},"minecraft:killed_by":{"minecraft:skeleton":1},"minecraft:crafted":{"minecraft:oak_planks":12,"minecraft:crafting_table":3,"biomesoplenty:mahogany_planks":12,"minecraft:iron_helmet":1,"minecraft:wooden_pickaxe":1,"minecraft:iron_sword":1,"minecraft:furnace":3,"minecraft:stone":1,"minecraft:bone_meal":3,"minecraft:stone_axe":2,"minecraft:jungle_slab":42,"minecraft:jungle_planks":52,"minecraft:air":0,"minecraft:jungle_door":3,"minecraft:smooth_basalt":74,"minecraft:iron_boots":1,"minecraft:iron_chestplate":1,"minecraft:charcoal":1,"minecraft:iron_axe":1,"biomesoplenty:mahogany_button":1,"minecraft:stick":20,"minecraft:iron_ingot":25,"minecraft:iron_pickaxe":1,"minecraft:stone_pickaxe":6,"minecraft:wooden_axe":1,"minecraft:stone_sword":2,"minecraft:chest":1,"minecraft:jungle_stairs":4,"minecraft:torch":4},"minecraft:used":{"biomesoplenty:mahogany_planks":3,"alexsmobs:banana_peel":1,"minecraft:stone_sword":17,"minecraft:stone_pickaxe":658,"minecraft:chest":1,"minecraft:wooden_pickaxe":59,"minecraft:stone":1,"minecraft:rotten_flesh":3,"minecraft:oak_leaves":1,"minecraft:terracotta":148,"farmersdelight:onion":17,"minecraft:torch":10,"minecraft:dirt":41,"minecraft:crafting_table":6,"minecraft:jungle_planks":2,"minecraft:jungle_slab":43,"minecraft:wooden_axe":59,"alexsmobs:maggot":2,"minecraft:apple":1,"farmersdelight:tomato":3,"minecraft:iron_axe":2,"minecraft:iron_pickaxe":181,"minecraft:jungle_stairs":4,"biomesoplenty:mahogany_button":1,"minecraft:stone_axe":3,"minecraft:cobblestone":65,"minecraft:furnace":6,"minecraft:jungle_door":3,"alexsmobs:animal_dictionary":3},"minecraft:mined":{"minecraft:jungle_door":1,"minecraft:soul_sand":1,"minecraft:blackstone":21,"minecraft:lily_of_the_valley":12,"minecraft:jungle_slab":7,"minecraft:basalt":104,"minecraft:jungle_leaves":16,"minecraft:dandelion":5,"minecraft:cornflower":2,"minecraft:crafting_table":3,"gravestone:gravestone":1,"minecraft:allium":12,"minecraft:grass_block":18,"minecraft:poppy":1,"biomesoplenty:mahogany_planks":3,"minecraft:jungle_log":13,"minecraft:dead_bush":6,"minecraft:rose_bush":6,"minecraft:soul_soil":3,"minecraft:tall_grass":1,"minecraft:cobblestone":8,"biomesoplenty:sprout":19,"bushierflowers:grown_dandelion":3,"farmersdelight:wild_tomatoes":11,"minecraft:wall_torch":5,"minecraft:gilded_blackstone":18,"biomesoplenty:goldenrod":3,"farmersdelight:wild_onions":7,"minecraft:furnace":4,"biomesoplenty:mahogany_log":25,"minecraft:polished_basalt":76,"minecraft:iron_ore":46,"minecraft:bee_nest":1,"minecraft:azure_bluet":3,"minecraft:grass":23,"minecraft:oak_log":4,"minecraft:coal_ore":106,"minecraft:cocoa":4,"biomesoplenty:mahogany_leaves":19,"minecraft:dirt":61,"minecraft:terracotta":148,"minecraft:stone":345,"ad_astra:sky_stone":9,"bushierflowers:grown_poppy":3,"minecraft:oak_leaves":31,"minecraft:fern":85},"minecraft:dropped":{"biomesoplenty:mahogany_button":1,"minecraft:stone_axe":2,"minecraft:stone_sword":2,"minecraft:cobblestone":224,"minecraft:dirt":37,"minecraft:jungle_log":1,"gravestone:obituary":1,"farmersdelight:onion":2,"minecraft:basalt":5,"minecraft:stone_pickaxe":8,"alexsmobs:banana":1,"immersiveengineering:seed":12},"minecraft:picked_up":{"minecraft:cocoa_beans":12,"minecraft:crafting_table":3,"minecraft:allium":22,"minecraft:azure_bluet":3,"minecraft:basalt":108,"minecraft:jungle_log":14,"minecraft:gilded_blackstone":17,"minecraft:oak_log":4,"ad_astra:sky_stone":3,"minecraft:cornflower":2,"farmersdelight:tomato":3,"minecraft:dirt":78,"minecraft:soul_soil":3,"minecraft:bone":1,"minecraft:blackstone":21,"minecraft:apple":1,"minecraft:wheat_seeds":13,"alexsmobs:banana":1,"minecraft:stone_pickaxe":7,"minecraft:rose_bush":5,"minecraft:poppy":7,"biomesoplenty:mahogany_planks":2,"alexsmobs:banana_peel":1,"minecraft:furnace":3,"minecraft:stick":13,"minecraft:raw_iron":43,"minecraft:torch":6,"minecraft:dandelion":11,"farmersdelight:tomato_seeds":11,"minecraft:white_bed":2,"minecraft:lily_of_the_valley":12,"minecraft:stone_sword":1,"minecraft:jungle_slab":8,"biomesoplenty:mahogany_log":23,"minecraft:rotten_flesh":3,"immersiveengineering:seed":16,"farmersdelight:onion":9,"biomesoplenty:mahogany_sapling":1,"minecraft:polished_basalt":74,"alexsmobs:maggot":2,"minecraft:terracotta":148,"biomesoplenty:mahogany_button":1,"minecraft:coal":106,"minecraft:oak_leaves":1,"minecraft:cobblestone":331},"minecraft:killed":{"minecraft:skeleton":1,"minecraft:zombie":1,"minecraft:bee":1,"alexsmobs:fly":2},"minecraft:custom":{"minecraft:interact_with_furnace":39,"minecraft:mob_kills":6,"minecraft:interact_with_crafting_table":32,"minecraft:leave_game":3,"minecraft:time_since_death":109826,"minecraft:climb_one_cm":4166,"minecraft:time_since_rest":109989,"minecraft:sprint_one_cm":30408,"minecraft:damage_taken":495,"minecraft:walk_one_cm":978586,"minecraft:drop":28,"minecraft:damage_dealt":747,"minecraft:fly_one_cm":7025,"minecraft:open_chest":5,"minecraft:play_time":252978,"minecraft:crouch_one_cm":9381,"minecraft:sneak_time":1757,"minecraft:deaths":1,"minecraft:jump":1370,"minecraft:total_world_time":252978,"minecraft:fall_one_cm":15738}},"DataVersion":3120}