{"stats":{"minecraft:broken":{"minecraft:wooden_pickaxe":1,"minecraft:stone_pickaxe":5,"minecraft:wooden_axe":1},"minecraft:killed_by":{"minecraft:skeleton":1},"minecraft:crafted":{"minecraft:oak_planks":12,"biomesoplenty:mahogany_planks":12,"minecraft:furnace":3,"minecraft:stone":1,"minecraft:bone_meal":3,"minecraft:iron_boots":1,"minecraft:iron_axe":1,"minecraft:stone_pickaxe":6,"minecraft:chest":1,"minecraft:jungle_stairs":4,"minecraft:crafting_table":3,"minecraft:wooden_pickaxe":1,"minecraft:iron_helmet":1,"minecraft:iron_sword":1,"minecraft:stone_axe":2,"minecraft:jungle_slab":42,"minecraft:air":0,"minecraft:jungle_planks":52,"minecraft:jungle_door":3,"minecraft:smooth_basalt":91,"minecraft:iron_chestplate":1,"minecraft:charcoal":1,"minecraft:stick":20,"biomesoplenty:mahogany_button":1,"minecraft:iron_ingot":25,"minecraft:iron_pickaxe":1,"minecraft:wooden_axe":1,"minecraft:stone_sword":2,"minecraft:torch":4},"minecraft:used":{"biomesoplenty:mahogany_planks":3,"alexsmobs:banana_peel":1,"minecraft:stone_sword":17,"minecraft:chest":1,"minecraft:stone":1,"minecraft:rotten_flesh":3,"minecraft:torch":10,"minecraft:dirt":41,"minecraft:jungle_planks":4,"minecraft:jungle_slab":43,"minecraft:wooden_axe":59,"alexsmobs:maggot":2,"farmersdelight:tomato":3,"minecraft:iron_axe":3,"minecraft:furnace":6,"minecraft:stone_pickaxe":658,"minecraft:wooden_pickaxe":59,"minecraft:oak_leaves":1,"farmersdelight:onion":19,"minecraft:terracotta":148,"minecraft:crafting_table":6,"minecraft:apple":1,"minecraft:iron_pickaxe":231,"minecraft:jungle_stairs":4,"biomesoplenty:mahogany_button":1,"minecraft:stone_axe":3,"minecraft:cobblestone":65,"minecraft:jungle_door":3,"alexsmobs:animal_dictionary":3},"minecraft:mined":{"minecraft:jungle_slab":7,"minecraft:jungle_leaves":16,"gravestone:gravestone":1,"minecraft:allium":12,"minecraft:grass_block":18,"minecraft:jungle_planks":1,"minecraft:jungle_log":13,"minecraft:soul_soil":4,"bushierflowers:grown_dandelion":3,"minecraft:gilded_blackstone":25,"farmersdelight:wild_onions":7,"minecraft:furnace":4,"minecraft:polished_basalt":80,"minecraft:iron_ore":46,"minecraft:azure_bluet":3,"biomesoplenty:mahogany_leaves":19,"minecraft:stone":355,"ad_astra:sky_stone":33,"bushierflowers:grown_poppy":3,"minecraft:jungle_door":1,"minecraft:blackstone":22,"minecraft:soul_sand":1,"minecraft:lily_of_the_valley":12,"minecraft:basalt":107,"minecraft:dandelion":5,"minecraft:crafting_table":3,"minecraft:cornflower":2,"minecraft:poppy":1,"biomesoplenty:mahogany_planks":3,"minecraft:rose_bush":6,"minecraft:dead_bush":6,"minecraft:tall_grass":1,"minecraft:cobblestone":8,"biomesoplenty:sprout":19,"farmersdelight:wild_tomatoes":11,"minecraft:wall_torch":5,"biomesoplenty:goldenrod":3,"biomesoplenty:mahogany_log":25,"minecraft:bee_nest":1,"minecraft:grass":23,"minecraft:coal_ore":106,"minecraft:oak_log":4,"minecraft:cocoa":4,"minecraft:dirt":61,"minecraft:terracotta":148,"minecraft:oak_leaves":31,"minecraft:fern":85},"minecraft:dropped":{"minecraft:cobblestone":224,"minecraft:dirt":37,"gravestone:obituary":1,"farmersdelight:onion":2,"biomesoplenty:mahogany_button":1,"minecraft:stone_axe":2,"minecraft:stone_sword":2,"minecraft:jungle_log":1,"minecraft:basalt":5,"minecraft:stone_pickaxe":8,"alexsmobs:banana":1,"immersiveengineering:seed":12},"minecraft:picked_up":{"minecraft:cocoa_beans":12,"minecraft:crafting_table":3,"minecraft:allium":22,"minecraft:azure_bluet":3,"minecraft:gilded_blackstone":23,"ad_astra:sky_stone":26,"minecraft:cornflower":2,"minecraft:soul_soil":4,"minecraft:blackstone":22,"minecraft:gold_nugget":5,"alexsmobs:banana":1,"minecraft:rose_bush":5,"minecraft:poppy":7,"alexsmobs:banana_peel":1,"minecraft:furnace":3,"minecraft:raw_iron":43,"minecraft:stick":13,"minecraft:torch":6,"farmersdelight:tomato_seeds":11,"minecraft:stone_sword":1,"minecraft:rotten_flesh":3,"biomesoplenty:mahogany_sapling":1,"farmersdelight:onion":9,"minecraft:polished_basalt":79,"minecraft:cobblestone":331,"minecraft:basalt":111,"minecraft:jungle_log":14,"minecraft:oak_log":4,"minecraft:dirt":78,"farmersdelight:tomato":3,"minecraft:bone":1,"minecraft:apple":1,"minecraft:wheat_seeds":13,"minecraft:stone_pickaxe":7,"biomesoplenty:mahogany_planks":2,"minecraft:dandelion":11,"minecraft:jungle_planks":1,"minecraft:white_bed":2,"minecraft:lily_of_the_valley":12,"minecraft:jungle_slab":8,"biomesoplenty:mahogany_log":23,"immersiveengineering:seed":16,"minecraft:terracotta":148,"alexsmobs:maggot":2,"minecraft:oak_leaves":1,"biomesoplenty:mahogany_button":1,"minecraft:coal":106},"minecraft:killed":{"minecraft:skeleton":1,"minecraft:bee":1,"minecraft:zombie":1,"alexsmobs:fly":2},"minecraft:custom":{"minecraft:mob_kills":6,"minecraft:interact_with_crafting_table":32,"minecraft:leave_game":4,"minecraft:time_since_death":113722,"minecraft:climb_one_cm":4182,"minecraft:sprint_one_cm":30464,"minecraft:walk_one_cm":994758,"minecraft:drop":28,"minecraft:play_time":256874,"minecraft:deaths":1,"minecraft:sneak_time":1757,"minecraft:jump":1416,"minecraft:total_world_time":256874,"minecraft:interact_with_furnace":41,"minecraft:time_since_rest":113885,"minecraft:damage_taken":495,"minecraft:damage_dealt":747,"minecraft:fly_one_cm":7025,"minecraft:open_chest":5,"minecraft:crouch_one_cm":9381,"minecraft:fall_one_cm":16274}},"DataVersion":3120}