{"stats":{"minecraft:broken":{"minecraft:stone_pickaxe":3,"minecraft:wooden_axe":1,"minecraft:wooden_pickaxe":1},"minecraft:killed_by":{"minecraft:skeleton":1},"minecraft:crafted":{"minecraft:oak_planks":12,"minecraft:crafting_table":2,"minecraft:wooden_pickaxe":1,"minecraft:furnace":1,"minecraft:stone":1,"minecraft:stone_axe":2,"minecraft:jungle_slab":42,"minecraft:jungle_planks":44,"minecraft:jungle_door":3,"minecraft:charcoal":1,"minecraft:stick":16,"minecraft:stone_pickaxe":5,"minecraft:wooden_axe":1,"minecraft:stone_sword":2,"minecraft:jungle_stairs":4,"minecraft:torch":4},"minecraft:used":{"alexsmobs:banana_peel":1,"minecraft:stone_sword":13,"minecraft:stone_pickaxe":430,"minecraft:wooden_pickaxe":59,"minecraft:stone":1,"minecraft:rotten_flesh":3,"minecraft:torch":8,"minecraft:dirt":41,"minecraft:terracotta":148,"minecraft:crafting_table":3,"minecraft:jungle_slab":43,"minecraft:wooden_axe":59,"alexsmobs:maggot":2,"minecraft:apple":1,"minecraft:jungle_stairs":3,"minecraft:cobblestone":7,"minecraft:furnace":3,"minecraft:jungle_door":3,"alexsmobs:animal_dictionary":3},"minecraft:mined":{"minecraft:jungle_slab":7,"minecraft:jungle_leaves":16,"minecraft:crafting_table":2,"gravestone:gravestone":1,"minecraft:grass_block":17,"minecraft:jungle_log":13,"minecraft:cobblestone":3,"bushierflowers:grown_dandelion":3,"biomesoplenty:sprout":11,"minecraft:wall_torch":3,"minecraft:furnace":2,"biomesoplenty:mahogany_log":25,"minecraft:iron_ore":12,"minecraft:grass":4,"minecraft:oak_log":4,"minecraft:coal_ore":13,"minecraft:cocoa":4,"biomesoplenty:mahogany_leaves":19,"minecraft:dirt":61,"minecraft:terracotta":148,"minecraft:stone":302,"bushierflowers:grown_poppy":3,"minecraft:oak_leaves":29,"minecraft:fern":33},"minecraft:dropped":{"minecraft:stone_axe":1,"minecraft:stone_sword":1,"minecraft:cobblestone":64,"minecraft:jungle_log":1,"gravestone:obituary":1,"minecraft:stone_pickaxe":1,"alexsmobs:banana":1},"minecraft:picked_up":{"minecraft:cocoa_beans":12,"minecraft:crafting_table":2,"minecraft:jungle_log":14,"minecraft:oak_log":4,"minecraft:dirt":77,"minecraft:bone":1,"minecraft:apple":1,"minecraft:wheat_seeds":8,"alexsmobs:banana":1,"minecraft:poppy":6,"alexsmobs:banana_peel":1,"minecraft:furnace":2,"minecraft:stick":9,"minecraft:raw_iron":10,"minecraft:torch":4,"minecraft:dandelion":6,"minecraft:jungle_slab":8,"biomesoplenty:mahogany_log":23,"minecraft:rotten_flesh":3,"biomesoplenty:mahogany_sapling":1,"alexsmobs:maggot":2,"minecraft:terracotta":148,"minecraft:oak_leaves":1,"minecraft:coal":13,"minecraft:cobblestone":299},"minecraft:killed":{"minecraft:skeleton":1,"minecraft:zombie":1,"alexsmobs:fly":2},"minecraft:custom":{"minecraft:interact_with_furnace":13,"minecraft:mob_kills":4,"minecraft:interact_with_crafting_table":16,"minecraft:leave_game":2,"minecraft:time_since_death":33817,"minecraft:climb_one_cm":3057,"minecraft:time_since_rest":33980,"minecraft:sprint_one_cm":2665,"minecraft:damage_taken":400,"minecraft:walk_one_cm":686147,"minecraft:drop":7,"minecraft:damage_dealt":518,"minecraft:fly_one_cm":793,"minecraft:crouch_one_cm":8535,"minecraft:play_time":176969,"minecraft:deaths":1,"minecraft:sneak_time":1587,"minecraft:jump":812,"minecraft:total_world_time":176969,"minecraft:fall_one_cm":9654}},"DataVersion":3120}