{"stats":{"minecraft:broken":{"minecraft:stone_pickaxe":2,"minecraft:wooden_pickaxe":1},"minecraft:crafted":{"minecraft:oak_planks":4,"minecraft:jungle_door":3,"minecraft:charcoal":1,"minecraft:crafting_table":1,"minecraft:stick":8,"minecraft:wooden_pickaxe":1,"minecraft:stone_pickaxe":2,"minecraft:wooden_axe":1,"minecraft:furnace":1,"minecraft:jungle_stairs":4,"minecraft:torch":4,"minecraft:jungle_slab":42,"minecraft:jungle_planks":44},"minecraft:used":{"minecraft:wooden_axe":25,"alexsmobs:banana_peel":1,"minecraft:stone_pickaxe":264,"minecraft:jungle_stairs":2,"minecraft:wooden_pickaxe":59,"minecraft:torch":6,"minecraft:dirt":26,"minecraft:terracotta":123,"minecraft:crafting_table":3,"minecraft:furnace":3,"minecraft:jungle_door":2,"minecraft:jungle_slab":43,"alexsmobs:animal_dictionary":3},"minecraft:mined":{"minecraft:furnace":2,"minecraft:iron_ore":9,"minecraft:jungle_slab":7,"minecraft:jungle_leaves":11,"minecraft:crafting_table":2,"minecraft:grass":1,"minecraft:grass_block":17,"minecraft:oak_log":2,"minecraft:cocoa":1,"minecraft:jungle_log":11,"minecraft:dirt":61,"minecraft:terracotta":136,"biomesoplenty:sprout":2,"minecraft:stone":167,"minecraft:oak_leaves":8,"minecraft:wall_torch":3,"minecraft:fern":6},"minecraft:dropped":{"minecraft:jungle_log":1,"alexsmobs:banana":1},"minecraft:picked_up":{"minecraft:raw_iron":9,"minecraft:cocoa_beans":3,"minecraft:stick":3,"minecraft:crafting_table":2,"minecraft:jungle_log":12,"minecraft:torch":3,"minecraft:oak_log":2,"minecraft:jungle_slab":8,"minecraft:dirt":77,"minecraft:wheat_seeds":1,"alexsmobs:banana":1,"minecraft:terracotta":136,"alexsmobs:banana_peel":1,"minecraft:cobblestone":167,"minecraft:furnace":2},"minecraft:custom":{"minecraft:time_since_rest":65415,"minecraft:interact_with_furnace":12,"minecraft:sprint_one_cm":763,"minecraft:walk_one_cm":217637,"minecraft:damage_taken":10,"minecraft:drop":2,"minecraft:interact_with_crafting_table":12,"minecraft:fly_one_cm":133,"minecraft:play_time":65415,"minecraft:sneak_time":23,"minecraft:jump":287,"minecraft:leave_game":1,"minecraft:time_since_death":65415,"minecraft:climb_one_cm":974,"minecraft:total_world_time":65415,"minecraft:fall_one_cm":2870}},"DataVersion":3120}