{"stats":{"minecraft:broken":{"minecraft:stone_pickaxe":4,"minecraft:wooden_axe":1,"minecraft:wooden_pickaxe":1},"minecraft:killed_by":{"minecraft:skeleton":1},"minecraft:crafted":{"minecraft:oak_planks":12,"minecraft:crafting_table":3,"biomesoplenty:mahogany_planks":12,"minecraft:wooden_pickaxe":1,"minecraft:furnace":3,"minecraft:stone":1,"minecraft:bone_meal":3,"minecraft:stone_axe":2,"minecraft:jungle_slab":42,"minecraft:air":0,"minecraft:jungle_planks":48,"minecraft:jungle_door":3,"minecraft:smooth_basalt":27,"minecraft:charcoal":1,"minecraft:iron_axe":1,"minecraft:stick":16,"minecraft:iron_ingot":25,"minecraft:iron_pickaxe":1,"minecraft:stone_pickaxe":6,"minecraft:wooden_axe":1,"minecraft:stone_sword":2,"minecraft:chest":1,"minecraft:jungle_stairs":4,"minecraft:torch":4},"minecraft:used":{"biomesoplenty:mahogany_planks":3,"alexsmobs:banana_peel":1,"minecraft:stone_sword":17,"minecraft:stone_pickaxe":656,"minecraft:wooden_pickaxe":59,"minecraft:stone":1,"minecraft:rotten_flesh":3,"minecraft:oak_leaves":1,"farmersdelight:onion":14,"minecraft:torch":10,"minecraft:dirt":41,"minecraft:terracotta":148,"minecraft:crafting_table":6,"minecraft:jungle_slab":43,"minecraft:wooden_axe":59,"alexsmobs:maggot":2,"minecraft:apple":1,"farmersdelight:tomato":1,"minecraft:iron_pickaxe":138,"minecraft:jungle_stairs":4,"minecraft:stone_axe":3,"minecraft:cobblestone":65,"minecraft:furnace":6,"minecraft:jungle_door":3,"alexsmobs:animal_dictionary":3},"minecraft:mined":{"minecraft:jungle_door":1,"minecraft:soul_sand":1,"minecraft:blackstone":13,"minecraft:lily_of_the_valley":12,"minecraft:jungle_slab":7,"minecraft:basalt":84,"minecraft:jungle_leaves":16,"minecraft:dandelion":5,"minecraft:cornflower":2,"minecraft:crafting_table":3,"gravestone:gravestone":1,"minecraft:allium":12,"biomesoplenty:mahogany_planks":1,"minecraft:grass_block":18,"minecraft:poppy":1,"minecraft:rose_bush":6,"minecraft:dead_bush":6,"minecraft:jungle_log":13,"minecraft:soul_soil":2,"minecraft:tall_grass":1,"minecraft:cobblestone":8,"bushierflowers:grown_dandelion":3,"biomesoplenty:sprout":19,"farmersdelight:wild_tomatoes":11,"minecraft:gilded_blackstone":17,"minecraft:wall_torch":5,"biomesoplenty:goldenrod":3,"farmersdelight:wild_onions":7,"minecraft:furnace":4,"biomesoplenty:mahogany_log":25,"minecraft:polished_basalt":62,"minecraft:iron_ore":46,"minecraft:bee_nest":1,"minecraft:azure_bluet":3,"minecraft:grass":23,"minecraft:oak_log":4,"minecraft:coal_ore":105,"minecraft:cocoa":4,"biomesoplenty:mahogany_leaves":19,"minecraft:dirt":61,"minecraft:terracotta":148,"minecraft:stone":344,"ad_astra:sky_stone":9,"bushierflowers:grown_poppy":3,"minecraft:oak_leaves":31,"minecraft:fern":85},"minecraft:dropped":{"minecraft:stone_axe":2,"minecraft:stone_sword":1,"minecraft:cobblestone":224,"minecraft:dirt":37,"minecraft:jungle_log":1,"farmersdelight:onion":2,"gravestone:obituary":1,"minecraft:stone_pickaxe":3,"alexsmobs:banana":1},"minecraft:picked_up":{"minecraft:cocoa_beans":12,"minecraft:crafting_table":3,"minecraft:allium":22,"minecraft:basalt":83,"minecraft:azure_bluet":3,"minecraft:jungle_log":14,"minecraft:gilded_blackstone":16,"minecraft:oak_log":4,"ad_astra:sky_stone":3,"minecraft:cornflower":2,"farmersdelight:tomato":3,"minecraft:dirt":78,"minecraft:soul_soil":2,"minecraft:blackstone":13,"minecraft:bone":1,"minecraft:apple":1,"minecraft:wheat_seeds":13,"alexsmobs:banana":1,"minecraft:stone_pickaxe":1,"minecraft:rose_bush":5,"minecraft:poppy":7,"alexsmobs:banana_peel":1,"minecraft:furnace":3,"minecraft:stick":13,"minecraft:raw_iron":43,"minecraft:torch":6,"minecraft:dandelion":11,"farmersdelight:tomato_seeds":11,"minecraft:lily_of_the_valley":12,"minecraft:jungle_slab":8,"biomesoplenty:mahogany_log":23,"minecraft:rotten_flesh":3,"immersiveengineering:seed":4,"farmersdelight:onion":9,"biomesoplenty:mahogany_sapling":1,"minecraft:polished_basalt":61,"alexsmobs:maggot":2,"minecraft:terracotta":148,"minecraft:oak_leaves":1,"minecraft:coal":105,"minecraft:cobblestone":331},"minecraft:killed":{"minecraft:skeleton":1,"minecraft:zombie":1,"minecraft:bee":1,"alexsmobs:fly":2},"minecraft:custom":{"minecraft:interact_with_furnace":31,"minecraft:mob_kills":6,"minecraft:interact_with_crafting_table":27,"minecraft:leave_game":3,"minecraft:time_since_death":100018,"minecraft:climb_one_cm":3430,"minecraft:time_since_rest":100181,"minecraft:sprint_one_cm":29895,"minecraft:damage_taken":495,"minecraft:walk_one_cm":951458,"minecraft:drop":17,"minecraft:damage_dealt":747,"minecraft:fly_one_cm":6750,"minecraft:crouch_one_cm":9381,"minecraft:play_time":243170,"minecraft:deaths":1,"minecraft:sneak_time":1757,"minecraft:jump":1278,"minecraft:total_world_time":243170,"minecraft:fall_one_cm":14900}},"DataVersion":3120}