{"stats":{"minecraft:broken":{"minecraft:stone_pickaxe":4,"minecraft:wooden_axe":1,"minecraft:wooden_pickaxe":1},"minecraft:killed_by":{"minecraft:skeleton":1},"minecraft:crafted":{"minecraft:oak_planks":12,"minecraft:crafting_table":2,"minecraft:wooden_pickaxe":1,"minecraft:furnace":2,"minecraft:stone":1,"minecraft:bone_meal":3,"minecraft:stone_axe":2,"minecraft:jungle_slab":42,"minecraft:air":0,"minecraft:jungle_planks":44,"minecraft:jungle_door":3,"minecraft:charcoal":1,"minecraft:stick":16,"minecraft:iron_ingot":25,"minecraft:stone_pickaxe":6,"minecraft:wooden_axe":1,"minecraft:stone_sword":2,"minecraft:jungle_stairs":4,"minecraft:torch":4},"minecraft:used":{"alexsmobs:banana_peel":1,"minecraft:stone_sword":15,"minecraft:stone_pickaxe":570,"minecraft:wooden_pickaxe":59,"minecraft:stone":1,"minecraft:rotten_flesh":3,"minecraft:oak_leaves":1,"minecraft:torch":9,"minecraft:dirt":41,"minecraft:terracotta":148,"minecraft:crafting_table":4,"minecraft:jungle_slab":43,"minecraft:wooden_axe":59,"alexsmobs:maggot":2,"minecraft:apple":1,"minecraft:jungle_stairs":3,"minecraft:stone_axe":2,"minecraft:cobblestone":27,"minecraft:furnace":4,"minecraft:jungle_door":3,"alexsmobs:animal_dictionary":3},"minecraft:mined":{"minecraft:jungle_door":1,"minecraft:lily_of_the_valley":12,"minecraft:jungle_slab":7,"minecraft:jungle_leaves":16,"minecraft:crafting_table":3,"gravestone:gravestone":1,"minecraft:allium":11,"minecraft:grass_block":17,"minecraft:dead_bush":3,"minecraft:jungle_log":13,"minecraft:cobblestone":6,"bushierflowers:grown_dandelion":3,"biomesoplenty:sprout":11,"farmersdelight:wild_tomatoes":7,"minecraft:wall_torch":5,"farmersdelight:wild_onions":7,"minecraft:furnace":3,"biomesoplenty:mahogany_log":25,"minecraft:iron_ore":44,"minecraft:bee_nest":1,"minecraft:grass":5,"minecraft:oak_log":4,"minecraft:coal_ore":105,"minecraft:cocoa":4,"biomesoplenty:mahogany_leaves":19,"minecraft:dirt":61,"minecraft:terracotta":148,"minecraft:stone":314,"bushierflowers:grown_poppy":3,"minecraft:oak_leaves":31,"minecraft:fern":33},"minecraft:dropped":{"minecraft:stone_axe":1,"minecraft:stone_sword":1,"minecraft:cobblestone":65,"minecraft:jungle_log":1,"gravestone:obituary":1,"minecraft:stone_pickaxe":1,"alexsmobs:banana":1},"minecraft:picked_up":{"minecraft:cocoa_beans":12,"minecraft:crafting_table":3,"minecraft:allium":21,"minecraft:jungle_log":14,"minecraft:oak_log":4,"farmersdelight:tomato":1,"minecraft:dirt":77,"minecraft:bone":1,"minecraft:apple":1,"minecraft:wheat_seeds":8,"alexsmobs:banana":1,"minecraft:poppy":6,"alexsmobs:banana_peel":1,"minecraft:furnace":3,"minecraft:stick":11,"minecraft:raw_iron":41,"minecraft:torch":6,"minecraft:dandelion":6,"farmersdelight:tomato_seeds":6,"minecraft:lily_of_the_valley":12,"minecraft:jungle_slab":8,"biomesoplenty:mahogany_log":23,"minecraft:rotten_flesh":3,"immersiveengineering:seed":1,"farmersdelight:onion":7,"biomesoplenty:mahogany_sapling":1,"alexsmobs:maggot":2,"minecraft:terracotta":148,"minecraft:oak_leaves":1,"minecraft:coal":105,"minecraft:cobblestone":317},"minecraft:killed":{"minecraft:skeleton":1,"minecraft:zombie":1,"minecraft:bee":1,"alexsmobs:fly":2},"minecraft:custom":{"minecraft:interact_with_furnace":23,"minecraft:mob_kills":5,"minecraft:interact_with_crafting_table":18,"minecraft:leave_game":2,"minecraft:time_since_death":69817,"minecraft:climb_one_cm":3057,"minecraft:time_since_rest":69980,"minecraft:sprint_one_cm":13893,"minecraft:damage_taken":450,"minecraft:walk_one_cm":857643,"minecraft:drop":8,"minecraft:damage_dealt":624,"minecraft:fly_one_cm":3119,"minecraft:crouch_one_cm":8727,"minecraft:play_time":212969,"minecraft:deaths":1,"minecraft:sneak_time":1619,"minecraft:jump":1035,"minecraft:total_world_time":212969,"minecraft:fall_one_cm":12228}},"DataVersion":3120}