{"stats":{"minecraft:broken":{"minecraft:iron_shovel":3,"minecraft:iron_axe":8,"minecraft:iron_pickaxe":6},"minecraft:killed_by":{"minecraft:skeleton":1},"minecraft:crafted":{"minecraft:oak_planks":432,"mcwwindows:oak_louvered_shutter":3,"mcwroofs:stone_bricks_upper_steep_roof":7,"minecraft:cooked_chicken":1,"mcwroofs:stone_bricks_upper_lower_roof":1,"minecraft:birch_slab":1916,"mcwbridges:oak_log_bridge_stair":24,"minecraft:stone":529,"biomesoplenty:mahogany_slab":6,"mcwwindows:hammer":1,"minecraft:cooked_mutton":12,"minecraft:glass":54,"mcwpaths:stone_windmill_weave_slab":36,"cataclysm:stone_tile_slab":36,"minecraft:chest":4,"minecraft:oak_fence":18,"immersiveengineering:ingot_aluminum":16,"minecraft:oak_slab":138,"minecraft:cooked_porkchop":8,"minecraft:crafting_table":4,"mcwwindows:oak_blinds":24,"mcwwindows:oak_pane_window":16,"minecraft:copper_ingot":60,"mcwroofs:stone_bricks_roof":1,"minecraft:birch_planks":1468,"mcwbridges:oak_log_bridge_middle":24,"minecraft:paper":6,"mcwwindows:window_base":96,"cataclysm:stone_tile_stairs":21,"minecraft:stick":580,"minecraft:iron_ingot":97,"minecraft:iron_pickaxe":7,"minecraft:deepslate_bricks":8,"minecraft:oak_door":9,"mcwwindows:oak_plank_parapet":150,"minecraft:iron_nugget":9,"mcwroofs:stone_top_roof":5,"biomesoplenty:mahogany_planks":108,"minecraft:furnace":4,"mcwroofs:stone_upper_lower_roof":3,"cataclysm:stone_tiles":21,"minecraft:glass_pane":16,"minecraft:iron_axe":8,"minecraft:ladder":3,"mcwroofs:stone_bricks_lower_roof":1,"biomesoplenty:mahogany_stairs":12,"mcwwindows:oak_window":80,"minecraft:cooked_beef":6,"mcwroofs:stone_bricks_steep_roof":15,"twilightforest:oak_banister":15,"mcwfences:modern_deepslate_brick_wall":1,"minecraft:iron_sword":1,"minecraft:air":0,"mcwdoors:print_oak":4,"mcwroofs:stone_lower_roof":12,"mcwfences:oak_horse_fence":147,"minecraft:oak_stairs":4,"minecraft:iron_shovel":3,"minecraft:white_bed":2,"minecraft:torch":116},"minecraft:used":{"minecraft:iron_shovel":656,"mcwroofs:stone_bricks_upper_steep_roof":84,"biomesoplenty:mahogany_slab":25,"minecraft:ladder":3,"minecraft:chest":16,"minecraft:iron_sword":185,"minecraft:iron_chestplate":1,"minecraft:carrot":1,"macawsbridgesbop:mahogany_log_bridge_stair":4,"macawsbridgesbop:mahogany_rail_bridge":1,"minecraft:glass":23,"mcwroofs:stone_bricks_upper_lower_roof":60,"minecraft:birch_sapling":4,"minecraft:polished_andesite_stairs":2,"minecraft:iron_helmet":1,"mcwroofs:stone_bricks_roof":375,"minecraft:stone_bricks":23,"minecraft:furnace":8,"minecraft:oak_sapling":16,"mcwfences:modern_deepslate_brick_wall":37,"cataclysm:stone_tile_slab":502,"twilightforest:oak_banister":32,"minecraft:oak_planks":195,"minecraft:wooden_pickaxe":9,"mcwwindows:oak_blinds":50,"minecraft:sand":2,"minecraft:birch_slab":2029,"minecraft:melon_slice":453,"mcwwindows:oak_plank_parapet":180,"mcwroofs:stone_lower_roof":79,"minecraft:polished_andesite_slab":7,"minecraft:birch_log":2,"mcwbridges:oak_bridge_pier":2,"minecraft:oak_fence":20,"minecraft:oak_door":8,"minecraft:torch":205,"minecraft:dirt":651,"mcwfences:oak_horse_fence":158,"biomesoplenty:mahogany_stairs":15,"minecraft:iron_hoe":1,"minecraft:stone_brick_slab":2,"alexsmobs:maggot":3,"mcwwindows:oak_louvered_shutter":5,"mcwbridges:oak_log_bridge_middle":3,"minecraft:iron_axe":1991,"mcwlights:cross_wall_lantern":14,"minecraft:oak_stairs":16,"mcwroofs:stone_bricks_steep_roof":2,"minecraft:iron_boots":1,"minecraft:melon_seeds":1,"mcwlights:cross_lantern":1,"minecraft:cooked_beef":6,"minecraft:iron_leggings":1,"mcwwindows:oak_window":88,"minecraft:birch_planks":591,"minecraft:stonecutter":4,"minecraft:oak_slab":88,"minecraft:crafting_table":8,"minecraft:white_bed":9,"cataclysm:stone_tile_stairs":58,"minecraft:oak_log":368,"mcwroofs:stone_upper_lower_roof":123,"mcwroofs:stone_top_roof":5,"minecraft:iron_pickaxe":1567,"mcwpaths:stone_windmill_weave_slab":17,"mcwbridges:oak_log_bridge_stair":24,"mcwwindows:oak_pane_window":35,"macawsbridgesbop:mahogany_log_bridge_middle":3,"minecraft:cobblestone":35,"minecraft:glass_pane":10},"minecraft:mined":{"minecraft:attached_melon_stem":1,"minecraft:white_bed":3,"biomesoplenty:cherry_log":6,"twilightforest:oak_banister":20,"mcwwindows:oak_louvered_shutter":5,"minecraft:grass_block":431,"mcwroofs:stone_lower_roof":3,"minecraft:iron_ore":35,"minecraft:pumpkin":16,"minecraft:pointed_dripstone":1,"minecraft:oak_stairs":10,"mcwwindows:oak_blinds":26,"mcwroofs:stone_bricks_roof":31,"macawsbridgesbop:mahogany_log_bridge_stair":6,"minecraft:torch":57,"mcwroofs:stone_bricks_steep_roof":2,"minecraft:melon":141,"minecraft:chest":10,"minecraft:glass":23,"minecraft:cobblestone":91,"minecraft:sugar_cane":2,"minecraft:oak_planks":89,"cataclysm:stone_tile_slab":71,"minecraft:wall_torch":36,"minecraft:birch_log":374,"unusualprehistory:stone_fossil":8,"mcwlights:cross_wall_lantern":6,"minecraft:grass":18,"mcwfences:modern_deepslate_brick_wall":37,"minecraft:oak_log":684,"minecraft:sand":57,"minecraft:dirt":248,"minecraft:stonecutter":4,"minecraft:oak_leaves":125,"mcwlights:cross_lantern":1,"mcwbridges:oak_bridge_pier":2,"minecraft:oak_door":6,"mcwroofs:stone_upper_lower_roof":2,"gravestone:gravestone":1,"cataclysm:stone_tile_stairs":18,"mcwpaths:stone_windmill_weave_slab":17,"minecraft:polished_andesite_slab":1,"minecraft:birch_slab":150,"mcwwindows:oak_plank_parapet":40,"minecraft:furnace":4,"immersiveengineering:hemp":43,"minecraft:andesite":13,"mcwwindows:oak_window":8,"minecraft:stone":666,"immersiveengineering:ore_aluminum":38,"minecraft:oak_slab":10,"mcwfences:oak_horse_fence":46,"mcwwindows:oak_pane_window":21,"mcwroofs:stone_bricks_upper_steep_roof":25,"minecraft:oak_fence":4,"minecraft:crafting_table":9,"mcwroofs:stone_bricks_upper_lower_roof":28,"minecraft:tall_grass":1,"minecraft:copper_ore":116,"mcwbridges:oak_log_bridge_middle":3,"minecraft:birch_planks":178,"macawsbridgesbop:mahogany_log_bridge_middle":2,"biomesoplenty:white_cherry_leaves":17,"biomesoplenty:mahogany_log":28,"minecraft:birch_leaves":17,"minecraft:coal_ore":235,"biomesoplenty:mahogany_stairs":1,"minecraft:stone_bricks":118,"minecraft:fern":1},"minecraft:dropped":{"minecraft:iron_sword":1,"mcwroofs:stone_bricks_upper_steep_roof":4,"minecraft:lapis_lazuli":4,"minecraft:cooked_beef":6,"minecraft:spore_blossom":1,"minecraft:birch_slab":5,"mcwroofs:stone_bricks_upper_lower_roof":1,"gravestone:obituary":1,"patchouli:guide_book":1,"mcwfences:oak_horse_fence":31,"immersiveengineering:seed":1,"minecraft:iron_ingot":4,"minecraft:wheat_seeds":11,"mcwroofs:stone_bricks_lower_roof":1,"minecraft:wooden_axe":1,"minecraft:rose_bush":1,"minecraft:melon_slice":26,"minecraft:white_banner":1,"minecraft:iron_axe":1,"minecraft:string":2,"minecraft:raw_iron":21},"minecraft:picked_up":{"minecraft:wooden_axe":5,"minecraft:wheat":16,"minecraft:oak_stairs":20,"macawsbridgesbop:mahogany_log_bridge_middle":2,"minecraft:polished_deepslate":40,"alexsmobs:gazelle_horn":3,"minecraft:string":45,"mcwroofs:stone_bricks_lower_roof":1,"minecraft:raw_copper":428,"mcwbridges:oak_bridge_pier":6,"mcwbridges:oak_log_bridge_middle":3,"minecraft:bucket":4,"mcwwindows:oak_louvered_shutter":5,"mcwbridges:stone_brick_bridge_stair":7,"minecraft:rose_bush":3,"minecraft:iron_pickaxe":1,"minecraft:melon_slice":1131,"minecraft:furnace":4,"minecraft:stick":101,"twilightforest:oak_banister":26,"minecraft:oak_fence":14,"minecraft:torch":109,"mcwroofs:stone_bricks_steep_roof":2,"minecraft:porkchop":8,"minecraft:pointed_dripstone":3,"minecraft:rotten_flesh":72,"minecraft:cobblestone":765,"minecraft:birch_log":373,"minecraft:feather":9,"minecraft:cooked_beef":12,"minecraft:birch_slab":203,"minecraft:andesite":39,"cataclysm:stone_tile_slab":129,"minecraft:lapis_lazuli":12,"minecraft:dirt":966,"immersiveengineering:hemp_fiber":229,"minecraft:bone":32,"minecraft:glass":1,"mcwroofs:stone_bricks_roof":28,"minecraft:stonecutter":4,"minecraft:bow":1,"minecraft:wheat_seeds":66,"mcwwindows:oak_blinds":26,"minecraft:moss_block":22,"biomesoplenty:cherry_log":6,"minecraft:oak_planks":160,"biomesoplenty:mahogany_planks":61,"minecraft:cooked_porkchop":16,"mcwwindows:oak_plank_parapet":90,"patchouli:guide_book":4,"minecraft:sand":56,"mcwroofs:stone_bricks_upper_steep_roof":29,"immersiveengineering:raw_aluminum":38,"biomesoplenty:white_cherry_sapling":3,"alexsmobs:animal_dictionary":4,"cataclysm:stone_tiles":4,"minecraft:iron_hoe":2,"minecraft:polished_andesite":2,"minecraft:emerald":8,"alexsmobs:maggot":16,"minecraft:oak_sapling":171,"minecraft:cocoa_beans":27,"minecraft:crafting_table":9,"macawsbridgesbop:mahogany_log_bridge_stair":10,"mcwroofs:stone_lower_roof":6,"minecraft:chicken":1,"minecraft:ladder":3,"minecraft:clay_ball":144,"mcwroofs:stone_bricks_upper_lower_roof":29,"cataclysm:stone_tile_stairs":24,"minecraft:wooden_pickaxe":1,"mcwdoors:print_oak":4,"gravestone:obituary":11,"immersiveengineering:ingot_aluminum":16,"minecraft:iron_axe":1,"minecraft:beef":6,"mcwroofs:stone_upper_lower_roof":2,"minecraft:iron_nugget":8,"minecraft:sugar_cane":6,"minecraft:chest":12,"minecraft:birch_sapling":24,"minecraft:raw_iron":99,"minecraft:stone":52,"minecraft:oak_door":11,"minecraft:copper_ingot":120,"mcwlights:cross_wall_lantern":14,"minecraft:carrot":1,"minecraft:redstone":72,"minecraft:arrow":26,"mcwpaths:stone_windmill_weave_slab":17,"biomesoplenty:mahogany_stairs":5,"minecraft:mutton":18,"minecraft:white_wool":9,"mcwroofs:stone_upper_steep_roof":2,"mcwfences:modern_deepslate_brick_wall":37,"minecraft:leather":16,"mcwlights:cross_lantern":1,"minecraft:birch_planks":178,"minecraft:oak_log":699,"mcwwindows:oak_window":16,"mcwwindows:oak_pane_window":21,"minecraft:paper":2,"minecraft:white_banner":3,"man:cassette_1safetyinstructions":2,"biomesoplenty:mahogany_slab":42,"minecraft:cooked_mutton":12,"minecraft:apple":15,"minecraft:stone_bricks":440,"mcwwindows:hammer":1,"minecraft:spore_blossom":3,"minecraft:iron_ingot":112,"minecraft:cooked_chicken":2,"minecraft:polished_andesite_slab":1,"minecraft:iron_sword":1,"minecraft:oak_slab":32,"minecraft:polished_andesite_stairs":38,"minecraft:pumpkin":84,"minecraft:stone_brick_slab":3,"minecraft:white_bed":7,"minecraft:spider_eye":7,"macawsbridgesbop:mahogany_rail_bridge":4,"biomesoplenty:mahogany_log":27,"mcwfences:oak_horse_fence":108,"immersiveengineering:seed":111,"minecraft:stone_axe":2,"minecraft:gray_wool":3,"minecraft:terracotta":10,"minecraft:baked_potato":1,"minecraft:black_wool":3,"minecraft:melon_seeds":7,"minecraft:coal":422,"unusualprehistory:mezo_fossil":8},"minecraft:custom":{"minecraft:interact_with_crafting_table":130,"minecraft:leave_game":5,"minecraft:time_since_death":57275,"minecraft:sprint_one_cm":1955743,"minecraft:drop":56,"minecraft:play_time":610536,"minecraft:deaths":1,"minecraft:jump":6918,"minecraft:walk_on_water_one_cm":25163,"minecraft:interact_with_furnace":181,"minecraft:sleep_in_bed":35,"minecraft:damage_dealt":9679,"minecraft:crouch_one_cm":120994,"minecraft:mob_kills":63,"minecraft:climb_one_cm":58837,"minecraft:walk_one_cm":2096565,"minecraft:sneak_time":29065,"minecraft:walk_under_water_one_cm":10116,"minecraft:total_world_time":610536,"minecraft:interact_with_stonecutter":57,"minecraft:time_since_rest":57321,"minecraft:damage_taken":5373,"minecraft:swim_one_cm":75257,"minecraft:fly_one_cm":1205032,"minecraft:open_chest":471,"minecraft:fall_one_cm":245035},"minecraft:killed":{"minecraft:witch":1,"minecraft:spider":7,"minecraft:skeleton":12,"minecraft:chicken":1,"minecraft:pig":3,"minecraft:sheep":9,"minecraft:pillager":3,"minecraft:zombie":18,"alexsmobs:fly":3,"minecraft:cow":3,"alexsmobs:tasmanian_devil":1,"alexsmobs:gazelle":2}},"DataVersion":3120}