{"stats":{"minecraft:used":{"minecraft:oak_fence":10,"minecraft:iron_shovel":618,"biomesoplenty:mahogany_slab":25,"minecraft:ladder":3,"minecraft:chest":13,"minecraft:iron_sword":110,"minecraft:iron_chestplate":1,"minecraft:torch":96,"minecraft:dirt":546,"mcwfences:oak_horse_fence":42,"macawsbridgesbop:mahogany_log_bridge_stair":4,"macawsbridgesbop:mahogany_rail_bridge":1,"minecraft:glass":23,"biomesoplenty:mahogany_stairs":15,"minecraft:iron_hoe":1,"minecraft:iron_axe":859,"minecraft:polished_andesite_stairs":2,"minecraft:iron_helmet":1,"minecraft:iron_boots":1,"minecraft:melon_seeds":1,"mcwlights:cross_lantern":1,"minecraft:furnace":5,"minecraft:cooked_beef":2,"cataclysm:stone_tile_slab":304,"twilightforest:oak_banister":1,"minecraft:iron_leggings":1,"mcwwindows:oak_window":5,"minecraft:birch_planks":107,"minecraft:oak_planks":116,"minecraft:wooden_pickaxe":9,"minecraft:stonecutter":4,"minecraft:sand":2,"minecraft:oak_slab":5,"minecraft:crafting_table":3,"minecraft:white_bed":8,"cataclysm:stone_tile_stairs":31,"minecraft:oak_log":197,"mcwroofs:stone_upper_lower_roof":123,"minecraft:birch_slab":1093,"minecraft:melon_slice":204,"minecraft:iron_pickaxe":559,"mcwroofs:stone_top_roof":5,"mcwwindows:oak_plank_parapet":121,"mcwwindows:oak_pane_window":19,"minecraft:polished_andesite_slab":7,"mcwroofs:stone_lower_roof":79,"macawsbridgesbop:mahogany_log_bridge_middle":3,"minecraft:cobblestone":3},"minecraft:killed":{"minecraft:spider":5,"alexsmobs:tasmanian_devil":1,"minecraft:skeleton":7,"minecraft:chicken":1,"minecraft:pig":3,"minecraft:sheep":9,"minecraft:zombie":9,"alexsmobs:gazelle":2,"minecraft:cow":3},"minecraft:picked_up":{"minecraft:wooden_axe":2,"minecraft:cocoa_beans":18,"minecraft:crafting_table":4,"minecraft:wheat":16,"macawsbridgesbop:mahogany_log_bridge_stair":8,"mcwroofs:stone_lower_roof":4,"minecraft:chicken":1,"minecraft:ladder":2,"minecraft:clay_ball":72,"cataclysm:stone_tile_stairs":3,"minecraft:wooden_pickaxe":1,"minecraft:oak_stairs":8,"macawsbridgesbop:mahogany_log_bridge_middle":2,"gravestone:obituary":8,"minecraft:polished_deepslate":40,"immersiveengineering:ingot_aluminum":16,"alexsmobs:gazelle_horn":3,"minecraft:string":23,"minecraft:raw_copper":54,"mcwbridges:oak_bridge_pier":2,"minecraft:bucket":4,"minecraft:beef":6,"minecraft:rose_bush":3,"mcwroofs:stone_upper_lower_roof":2,"minecraft:iron_pickaxe":1,"minecraft:melon_slice":722,"minecraft:sugar_cane":2,"minecraft:chest":10,"minecraft:birch_sapling":14,"minecraft:furnace":4,"minecraft:stick":64,"minecraft:raw_iron":72,"minecraft:stone":38,"minecraft:oak_door":4,"minecraft:copper_ingot":60,"twilightforest:oak_banister":4,"minecraft:oak_fence":10,"minecraft:torch":80,"minecraft:porkchop":8,"minecraft:pointed_dripstone":2,"mcwlights:cross_wall_lantern":6,"minecraft:redstone":48,"minecraft:arrow":20,"minecraft:rotten_flesh":34,"biomesoplenty:mahogany_stairs":3,"minecraft:mutton":16,"minecraft:white_wool":8,"minecraft:cobblestone":425,"mcwroofs:stone_upper_steep_roof":2,"minecraft:birch_log":155,"minecraft:feather":9,"minecraft:cooked_beef":12,"minecraft:birch_slab":82,"minecraft:andesite":26,"minecraft:leather":14,"mcwlights:cross_lantern":1,"minecraft:birch_planks":17,"minecraft:oak_log":321,"mcwwindows:oak_window":1,"mcwwindows:oak_pane_window":11,"cataclysm:stone_tile_slab":41,"minecraft:lapis_lazuli":4,"minecraft:dirt":849,"man:cassette_1safetyinstructions":1,"biomesoplenty:mahogany_slab":42,"minecraft:cooked_mutton":12,"immersiveengineering:hemp_fiber":129,"minecraft:bone":25,"minecraft:apple":6,"minecraft:stonecutter":4,"minecraft:wheat_seeds":55,"minecraft:spore_blossom":1,"minecraft:iron_ingot":48,"minecraft:cooked_chicken":2,"minecraft:moss_block":11,"minecraft:polished_andesite_slab":1,"biomesoplenty:mahogany_planks":61,"minecraft:oak_planks":139,"minecraft:oak_slab":24,"minecraft:polished_andesite_stairs":19,"minecraft:cooked_porkchop":16,"minecraft:pumpkin":72,"mcwwindows:oak_plank_parapet":57,"patchouli:guide_book":2,"minecraft:sand":56,"immersiveengineering:raw_aluminum":8,"minecraft:white_bed":7,"minecraft:spider_eye":2,"alexsmobs:animal_dictionary":2,"macawsbridgesbop:mahogany_rail_bridge":2,"biomesoplenty:mahogany_log":27,"minecraft:polished_andesite":1,"minecraft:iron_hoe":1,"mcwfences:oak_horse_fence":3,"immersiveengineering:seed":72,"minecraft:stone_axe":2,"minecraft:gray_wool":3,"minecraft:emerald":4,"minecraft:terracotta":5,"alexsmobs:maggot":4,"minecraft:black_wool":3,"minecraft:oak_sapling":91,"minecraft:melon_seeds":7,"minecraft:coal":105},"minecraft:custom":{"minecraft:mob_kills":40,"minecraft:interact_with_crafting_table":56,"minecraft:time_since_death":280589,"minecraft:climb_one_cm":43675,"minecraft:sprint_one_cm":864381,"minecraft:walk_one_cm":978468,"minecraft:drop":6,"minecraft:play_time":280589,"minecraft:sneak_time":13154,"minecraft:walk_under_water_one_cm":6627,"minecraft:jump":3691,"minecraft:walk_on_water_one_cm":7685,"minecraft:total_world_time":280589,"minecraft:interact_with_furnace":126,"minecraft:interact_with_stonecutter":28,"minecraft:sleep_in_bed":19,"minecraft:time_since_rest":4618,"minecraft:damage_taken":2085,"minecraft:damage_dealt":5888,"minecraft:swim_one_cm":17059,"minecraft:fly_one_cm":745061,"minecraft:open_chest":225,"minecraft:crouch_one_cm":62777,"minecraft:fall_one_cm":116521},"minecraft:crafted":{"mcwwindows:oak_plank_parapet":150,"minecraft:oak_planks":264,"mcwroofs:stone_top_roof":5,"biomesoplenty:mahogany_planks":108,"minecraft:cooked_chicken":1,"minecraft:birch_slab":1052,"minecraft:furnace":1,"minecraft:stone":376,"biomesoplenty:mahogany_slab":6,"mcwroofs:stone_upper_lower_roof":3,"minecraft:cooked_mutton":12,"minecraft:glass":54,"minecraft:iron_axe":4,"minecraft:ladder":3,"minecraft:chest":3,"biomesoplenty:mahogany_stairs":12,"immersiveengineering:ingot_aluminum":16,"mcwwindows:oak_window":8,"minecraft:cooked_beef":6,"minecraft:oak_slab":30,"minecraft:cooked_porkchop":8,"minecraft:crafting_table":1,"mcwwindows:oak_pane_window":16,"twilightforest:oak_banister":3,"minecraft:copper_ingot":60,"minecraft:birch_planks":620,"minecraft:air":0,"mcwwindows:window_base":24,"mcwroofs:stone_lower_roof":12,"cataclysm:stone_tile_stairs":20,"mcwfences:oak_horse_fence":39,"minecraft:stick":236,"minecraft:iron_ingot":33,"minecraft:iron_pickaxe":1,"minecraft:iron_shovel":2,"minecraft:white_bed":2},"minecraft:mined":{"minecraft:attached_melon_stem":1,"minecraft:white_bed":3,"minecraft:oak_door":1,"twilightforest:oak_banister":1,"mcwroofs:stone_upper_lower_roof":2,"minecraft:grass_block":396,"mcwroofs:stone_lower_roof":3,"minecraft:polished_andesite_slab":1,"minecraft:birch_slab":64,"mcwwindows:oak_plank_parapet":13,"minecraft:furnace":4,"immersiveengineering:hemp":23,"minecraft:iron_ore":8,"minecraft:andesite":13,"minecraft:pumpkin":16,"mcwwindows:oak_window":1,"minecraft:pointed_dripstone":1,"minecraft:stone":342,"immersiveengineering:ore_aluminum":8,"minecraft:oak_slab":3,"mcwfences:oak_horse_fence":3,"mcwwindows:oak_pane_window":11,"macawsbridgesbop:mahogany_log_bridge_stair":6,"minecraft:crafting_table":4,"minecraft:torch":50,"minecraft:melon":92,"minecraft:chest":10,"minecraft:glass":1,"minecraft:copper_ore":8,"minecraft:cobblestone":84,"minecraft:sugar_cane":1,"minecraft:oak_planks":68,"cataclysm:stone_tile_slab":38,"minecraft:wall_torch":17,"minecraft:birch_planks":17,"macawsbridgesbop:mahogany_log_bridge_middle":2,"biomesoplenty:mahogany_log":28,"minecraft:birch_log":156,"minecraft:birch_leaves":11,"minecraft:grass":14,"minecraft:oak_log":308,"minecraft:coal_ore":46,"biomesoplenty:mahogany_stairs":1,"minecraft:sand":57,"minecraft:dirt":218,"minecraft:stonecutter":4,"mcwlights:cross_lantern":1,"minecraft:oak_leaves":72,"minecraft:fern":1},"minecraft:dropped":{"minecraft:iron_ingot":4,"minecraft:wheat_seeds":11,"minecraft:cooked_beef":6,"minecraft:rose_bush":1,"minecraft:string":2,"immersiveengineering:seed":1},"minecraft:broken":{"minecraft:iron_shovel":2,"minecraft:iron_axe":4,"minecraft:iron_pickaxe":2}},"DataVersion":3120}