{"stats":{"minecraft:used":{"minecraft:oak_fence":16,"minecraft:iron_shovel":656,"biomesoplenty:mahogany_slab":25,"minecraft:ladder":3,"minecraft:chest":13,"minecraft:iron_sword":134,"minecraft:oak_door":5,"minecraft:iron_chestplate":1,"minecraft:torch":148,"minecraft:dirt":626,"macawsbridgesbop:mahogany_log_bridge_stair":4,"mcwfences:oak_horse_fence":112,"macawsbridgesbop:mahogany_rail_bridge":1,"biomesoplenty:mahogany_stairs":15,"minecraft:glass":23,"minecraft:iron_hoe":1,"alexsmobs:maggot":3,"mcwwindows:oak_louvered_shutter":5,"mcwbridges:oak_log_bridge_middle":3,"mcwlights:cross_wall_lantern":9,"minecraft:iron_axe":1513,"minecraft:oak_stairs":16,"minecraft:birch_sapling":3,"minecraft:polished_andesite_stairs":2,"minecraft:iron_helmet":1,"minecraft:iron_boots":1,"minecraft:melon_seeds":1,"mcwlights:cross_lantern":1,"minecraft:oak_sapling":15,"minecraft:furnace":5,"mcwfences:modern_deepslate_brick_wall":37,"minecraft:cooked_beef":6,"cataclysm:stone_tile_slab":355,"twilightforest:oak_banister":32,"minecraft:iron_leggings":1,"mcwwindows:oak_window":84,"minecraft:birch_planks":354,"minecraft:oak_planks":188,"minecraft:wooden_pickaxe":9,"minecraft:stonecutter":4,"mcwwindows:oak_blinds":50,"minecraft:sand":2,"minecraft:oak_slab":15,"minecraft:crafting_table":3,"minecraft:white_bed":9,"cataclysm:stone_tile_stairs":58,"minecraft:oak_log":323,"mcwroofs:stone_upper_lower_roof":123,"minecraft:birch_slab":1293,"minecraft:iron_pickaxe":1016,"minecraft:melon_slice":258,"mcwroofs:stone_top_roof":5,"mcwbridges:oak_log_bridge_stair":12,"mcwwindows:oak_plank_parapet":174,"mcwroofs:stone_lower_roof":79,"mcwwindows:oak_pane_window":35,"minecraft:polished_andesite_slab":7,"macawsbridgesbop:mahogany_log_bridge_middle":3,"minecraft:cobblestone":25,"minecraft:birch_log":2,"minecraft:glass_pane":10,"mcwbridges:oak_bridge_pier":2},"minecraft:killed":{"minecraft:spider":6,"alexsmobs:tasmanian_devil":1,"minecraft:skeleton":9,"minecraft:chicken":1,"minecraft:pig":3,"minecraft:sheep":9,"minecraft:pillager":3,"minecraft:zombie":9,"alexsmobs:gazelle":2,"alexsmobs:fly":2,"minecraft:cow":3},"minecraft:picked_up":{"minecraft:wooden_axe":2,"minecraft:cocoa_beans":18,"minecraft:crafting_table":4,"minecraft:wheat":16,"macawsbridgesbop:mahogany_log_bridge_stair":8,"mcwroofs:stone_lower_roof":4,"minecraft:chicken":1,"minecraft:ladder":2,"minecraft:clay_ball":72,"cataclysm:stone_tile_stairs":20,"minecraft:wooden_pickaxe":1,"minecraft:oak_stairs":18,"macawsbridgesbop:mahogany_log_bridge_middle":2,"gravestone:obituary":8,"immersiveengineering:ingot_aluminum":16,"minecraft:polished_deepslate":40,"alexsmobs:gazelle_horn":3,"minecraft:string":25,"minecraft:raw_copper":174,"mcwbridges:oak_bridge_pier":4,"mcwbridges:oak_log_bridge_middle":3,"minecraft:bucket":4,"mcwwindows:oak_louvered_shutter":5,"minecraft:beef":6,"minecraft:rose_bush":3,"mcwroofs:stone_upper_lower_roof":2,"minecraft:iron_pickaxe":1,"minecraft:melon_slice":809,"minecraft:sugar_cane":6,"minecraft:chest":10,"minecraft:birch_sapling":17,"minecraft:furnace":4,"minecraft:stick":82,"minecraft:raw_iron":72,"minecraft:stone":38,"minecraft:oak_door":9,"minecraft:copper_ingot":60,"twilightforest:oak_banister":23,"minecraft:oak_fence":14,"minecraft:torch":96,"minecraft:porkchop":8,"minecraft:pointed_dripstone":2,"mcwlights:cross_wall_lantern":12,"minecraft:redstone":48,"minecraft:arrow":23,"minecraft:rotten_flesh":35,"biomesoplenty:mahogany_stairs":3,"minecraft:mutton":16,"minecraft:white_wool":8,"minecraft:cobblestone":602,"mcwroofs:stone_upper_steep_roof":2,"minecraft:birch_log":237,"mcwfences:modern_deepslate_brick_wall":37,"minecraft:feather":9,"minecraft:cooked_beef":12,"minecraft:birch_slab":128,"minecraft:andesite":26,"minecraft:leather":14,"mcwlights:cross_lantern":1,"minecraft:birch_planks":87,"minecraft:oak_log":572,"mcwwindows:oak_window":8,"cataclysm:stone_tile_slab":72,"minecraft:lapis_lazuli":4,"mcwwindows:oak_pane_window":21,"minecraft:dirt":890,"minecraft:white_banner":1,"man:cassette_1safetyinstructions":1,"biomesoplenty:mahogany_slab":42,"minecraft:cooked_mutton":12,"immersiveengineering:hemp_fiber":129,"minecraft:bone":27,"minecraft:apple":7,"minecraft:stonecutter":4,"minecraft:wheat_seeds":55,"minecraft:spore_blossom":1,"minecraft:iron_ingot":48,"minecraft:cooked_chicken":2,"mcwwindows:oak_blinds":26,"minecraft:moss_block":11,"minecraft:polished_andesite_slab":1,"biomesoplenty:mahogany_planks":61,"minecraft:oak_planks":157,"minecraft:oak_slab":31,"minecraft:polished_andesite_stairs":19,"minecraft:cooked_porkchop":16,"minecraft:pumpkin":72,"mcwwindows:oak_plank_parapet":84,"patchouli:guide_book":2,"minecraft:sand":56,"immersiveengineering:raw_aluminum":22,"minecraft:white_bed":7,"minecraft:spider_eye":3,"alexsmobs:animal_dictionary":2,"macawsbridgesbop:mahogany_rail_bridge":2,"biomesoplenty:mahogany_log":27,"minecraft:iron_hoe":1,"minecraft:polished_andesite":1,"mcwfences:oak_horse_fence":38,"immersiveengineering:seed":72,"minecraft:stone_axe":2,"minecraft:gray_wool":3,"minecraft:emerald":4,"minecraft:terracotta":5,"alexsmobs:maggot":9,"minecraft:oak_sapling":110,"minecraft:black_wool":3,"minecraft:melon_seeds":7,"minecraft:coal":245},"minecraft:custom":{"minecraft:mob_kills":48,"minecraft:interact_with_crafting_table":94,"minecraft:leave_game":4,"minecraft:time_since_death":434404,"minecraft:climb_one_cm":43675,"minecraft:sprint_one_cm":1290997,"minecraft:walk_one_cm":1552964,"minecraft:drop":6,"minecraft:play_time":434404,"minecraft:sneak_time":15555,"minecraft:walk_under_water_one_cm":6946,"minecraft:jump":4943,"minecraft:walk_on_water_one_cm":10336,"minecraft:total_world_time":434404,"minecraft:interact_with_furnace":137,"minecraft:interact_with_stonecutter":35,"minecraft:sleep_in_bed":30,"minecraft:time_since_rest":17776,"minecraft:damage_taken":2761,"minecraft:damage_dealt":7178,"minecraft:swim_one_cm":19955,"minecraft:fly_one_cm":907318,"minecraft:open_chest":317,"minecraft:crouch_one_cm":69777,"minecraft:fall_one_cm":157103},"minecraft:crafted":{"minecraft:oak_door":3,"mcwwindows:oak_plank_parapet":150,"minecraft:oak_planks":336,"mcwwindows:oak_louvered_shutter":3,"minecraft:iron_nugget":9,"mcwroofs:stone_top_roof":5,"biomesoplenty:mahogany_planks":108,"minecraft:cooked_chicken":1,"minecraft:birch_slab":1166,"minecraft:furnace":1,"mcwbridges:oak_log_bridge_stair":12,"minecraft:stone":376,"biomesoplenty:mahogany_slab":6,"mcwroofs:stone_upper_lower_roof":3,"mcwwindows:hammer":1,"minecraft:cooked_mutton":12,"minecraft:glass_pane":16,"minecraft:glass":54,"minecraft:iron_axe":6,"minecraft:ladder":3,"minecraft:chest":3,"biomesoplenty:mahogany_stairs":12,"minecraft:oak_fence":18,"immersiveengineering:ingot_aluminum":16,"mcwwindows:oak_window":80,"minecraft:cooked_beef":6,"minecraft:oak_slab":60,"minecraft:cooked_porkchop":8,"minecraft:crafting_table":1,"mcwwindows:oak_blinds":24,"mcwfences:modern_deepslate_brick_wall":1,"mcwwindows:oak_pane_window":16,"twilightforest:oak_banister":15,"minecraft:iron_sword":1,"minecraft:copper_ingot":60,"minecraft:birch_planks":940,"mcwbridges:oak_log_bridge_middle":16,"minecraft:air":0,"mcwdoors:print_oak":4,"minecraft:paper":6,"mcwwindows:window_base":96,"mcwroofs:stone_lower_roof":12,"minecraft:oak_stairs":4,"cataclysm:stone_tile_stairs":21,"mcwfences:oak_horse_fence":105,"minecraft:stick":524,"minecraft:iron_ingot":97,"minecraft:iron_pickaxe":4,"minecraft:iron_shovel":3,"minecraft:white_bed":2,"minecraft:torch":28,"minecraft:deepslate_bricks":8},"minecraft:mined":{"mcwbridges:oak_bridge_pier":2,"minecraft:white_bed":3,"minecraft:attached_melon_stem":1,"minecraft:oak_door":6,"twilightforest:oak_banister":20,"mcwroofs:stone_upper_lower_roof":2,"mcwwindows:oak_louvered_shutter":5,"minecraft:grass_block":423,"cataclysm:stone_tile_stairs":16,"mcwroofs:stone_lower_roof":3,"minecraft:polished_andesite_slab":1,"minecraft:birch_slab":104,"mcwwindows:oak_plank_parapet":40,"minecraft:furnace":4,"immersiveengineering:hemp":23,"minecraft:iron_ore":8,"minecraft:andesite":13,"minecraft:pumpkin":16,"mcwwindows:oak_window":8,"minecraft:pointed_dripstone":1,"minecraft:oak_stairs":10,"mcwwindows:oak_blinds":26,"minecraft:stone":518,"immersiveengineering:ore_aluminum":22,"minecraft:oak_slab":10,"mcwfences:oak_horse_fence":38,"mcwwindows:oak_pane_window":21,"macawsbridgesbop:mahogany_log_bridge_stair":6,"minecraft:oak_fence":4,"minecraft:crafting_table":4,"minecraft:torch":54,"minecraft:melon":110,"minecraft:chest":10,"minecraft:tall_grass":1,"minecraft:copper_ore":44,"minecraft:glass":23,"minecraft:cobblestone":85,"mcwbridges:oak_log_bridge_middle":3,"minecraft:oak_planks":86,"minecraft:sugar_cane":2,"cataclysm:stone_tile_slab":69,"minecraft:wall_torch":29,"minecraft:birch_planks":87,"macawsbridgesbop:mahogany_log_bridge_middle":2,"biomesoplenty:mahogany_log":28,"minecraft:birch_log":238,"mcwlights:cross_wall_lantern":6,"minecraft:birch_leaves":15,"mcwfences:modern_deepslate_brick_wall":37,"minecraft:grass":15,"biomesoplenty:mahogany_stairs":1,"minecraft:oak_log":559,"minecraft:coal_ore":186,"minecraft:sand":57,"minecraft:dirt":231,"minecraft:stonecutter":4,"mcwlights:cross_lantern":1,"minecraft:oak_leaves":100,"minecraft:fern":1},"minecraft:dropped":{"minecraft:iron_ingot":4,"minecraft:wheat_seeds":11,"minecraft:cooked_beef":6,"minecraft:rose_bush":1,"minecraft:string":2,"immersiveengineering:seed":1},"minecraft:broken":{"minecraft:iron_shovel":3,"minecraft:iron_axe":6,"minecraft:iron_pickaxe":4}},"DataVersion":3120}