{"stats":{"minecraft:used":{"minecraft:oak_fence":14,"minecraft:iron_shovel":656,"biomesoplenty:mahogany_slab":25,"minecraft:ladder":3,"minecraft:chest":13,"minecraft:iron_sword":131,"minecraft:iron_chestplate":1,"minecraft:torch":115,"minecraft:dirt":626,"macawsbridgesbop:mahogany_log_bridge_stair":4,"mcwfences:oak_horse_fence":106,"macawsbridgesbop:mahogany_rail_bridge":1,"biomesoplenty:mahogany_stairs":15,"minecraft:glass":23,"minecraft:iron_hoe":1,"alexsmobs:maggot":3,"mcwwindows:oak_louvered_shutter":3,"mcwlights:cross_wall_lantern":9,"minecraft:iron_axe":1397,"minecraft:oak_stairs":8,"minecraft:birch_sapling":3,"minecraft:polished_andesite_stairs":2,"minecraft:iron_helmet":1,"minecraft:iron_boots":1,"minecraft:melon_seeds":1,"mcwlights:cross_lantern":1,"minecraft:oak_sapling":15,"minecraft:furnace":5,"mcwfences:modern_deepslate_brick_wall":37,"minecraft:cooked_beef":6,"cataclysm:stone_tile_slab":355,"twilightforest:oak_banister":32,"minecraft:iron_leggings":1,"mcwwindows:oak_window":76,"minecraft:birch_planks":302,"minecraft:oak_planks":125,"minecraft:wooden_pickaxe":9,"minecraft:stonecutter":4,"mcwwindows:oak_blinds":36,"minecraft:sand":2,"minecraft:oak_slab":15,"minecraft:crafting_table":3,"minecraft:white_bed":9,"cataclysm:stone_tile_stairs":58,"minecraft:oak_log":318,"mcwroofs:stone_upper_lower_roof":123,"minecraft:birch_slab":1276,"minecraft:iron_pickaxe":649,"minecraft:melon_slice":244,"mcwroofs:stone_top_roof":5,"mcwbridges:oak_log_bridge_stair":6,"mcwwindows:oak_plank_parapet":174,"mcwroofs:stone_lower_roof":79,"mcwwindows:oak_pane_window":32,"minecraft:polished_andesite_slab":7,"macawsbridgesbop:mahogany_log_bridge_middle":3,"minecraft:cobblestone":3,"minecraft:birch_log":2,"minecraft:glass_pane":10,"mcwbridges:oak_bridge_pier":2},"minecraft:killed":{"minecraft:spider":5,"alexsmobs:tasmanian_devil":1,"minecraft:skeleton":9,"minecraft:chicken":1,"minecraft:pig":3,"minecraft:sheep":9,"minecraft:pillager":3,"minecraft:zombie":9,"alexsmobs:gazelle":2,"alexsmobs:fly":2,"minecraft:cow":3},"minecraft:picked_up":{"minecraft:wooden_axe":2,"minecraft:cocoa_beans":18,"minecraft:crafting_table":4,"minecraft:wheat":16,"macawsbridgesbop:mahogany_log_bridge_stair":8,"mcwroofs:stone_lower_roof":4,"minecraft:chicken":1,"minecraft:ladder":2,"minecraft:clay_ball":72,"cataclysm:stone_tile_stairs":20,"minecraft:wooden_pickaxe":1,"minecraft:oak_stairs":10,"macawsbridgesbop:mahogany_log_bridge_middle":2,"gravestone:obituary":8,"immersiveengineering:ingot_aluminum":16,"minecraft:polished_deepslate":40,"alexsmobs:gazelle_horn":3,"minecraft:string":23,"minecraft:raw_copper":54,"mcwbridges:oak_bridge_pier":4,"minecraft:bucket":4,"mcwwindows:oak_louvered_shutter":3,"minecraft:beef":6,"minecraft:rose_bush":3,"mcwroofs:stone_upper_lower_roof":2,"minecraft:iron_pickaxe":1,"minecraft:melon_slice":728,"minecraft:sugar_cane":6,"minecraft:chest":10,"minecraft:birch_sapling":17,"minecraft:furnace":4,"minecraft:stick":82,"minecraft:raw_iron":72,"minecraft:stone":38,"minecraft:oak_door":4,"minecraft:copper_ingot":60,"twilightforest:oak_banister":23,"minecraft:oak_fence":14,"minecraft:torch":90,"minecraft:porkchop":8,"minecraft:pointed_dripstone":2,"mcwlights:cross_wall_lantern":12,"minecraft:redstone":48,"minecraft:arrow":23,"minecraft:rotten_flesh":35,"biomesoplenty:mahogany_stairs":3,"minecraft:mutton":16,"minecraft:white_wool":8,"minecraft:cobblestone":425,"mcwroofs:stone_upper_steep_roof":2,"minecraft:birch_log":220,"mcwfences:modern_deepslate_brick_wall":37,"minecraft:feather":9,"minecraft:cooked_beef":12,"minecraft:birch_slab":128,"minecraft:andesite":26,"minecraft:leather":14,"mcwlights:cross_lantern":1,"minecraft:birch_planks":82,"minecraft:oak_log":540,"mcwwindows:oak_window":8,"cataclysm:stone_tile_slab":72,"minecraft:lapis_lazuli":4,"mcwwindows:oak_pane_window":20,"minecraft:dirt":890,"minecraft:white_banner":1,"man:cassette_1safetyinstructions":1,"biomesoplenty:mahogany_slab":42,"minecraft:cooked_mutton":12,"immersiveengineering:hemp_fiber":129,"minecraft:bone":27,"minecraft:apple":7,"minecraft:stonecutter":4,"minecraft:wheat_seeds":55,"minecraft:spore_blossom":1,"minecraft:iron_ingot":48,"minecraft:cooked_chicken":2,"mcwwindows:oak_blinds":18,"minecraft:moss_block":11,"minecraft:polished_andesite_slab":1,"biomesoplenty:mahogany_planks":61,"minecraft:oak_planks":149,"minecraft:oak_slab":31,"minecraft:polished_andesite_stairs":19,"minecraft:cooked_porkchop":16,"minecraft:pumpkin":72,"mcwwindows:oak_plank_parapet":84,"patchouli:guide_book":2,"minecraft:sand":56,"immersiveengineering:raw_aluminum":8,"minecraft:white_bed":7,"minecraft:spider_eye":2,"alexsmobs:animal_dictionary":2,"macawsbridgesbop:mahogany_rail_bridge":2,"biomesoplenty:mahogany_log":27,"minecraft:iron_hoe":1,"minecraft:polished_andesite":1,"mcwfences:oak_horse_fence":32,"immersiveengineering:seed":72,"minecraft:stone_axe":2,"minecraft:gray_wool":3,"minecraft:emerald":4,"minecraft:terracotta":5,"alexsmobs:maggot":9,"minecraft:oak_sapling":110,"minecraft:black_wool":3,"minecraft:melon_seeds":7,"minecraft:coal":105},"minecraft:custom":{"minecraft:mob_kills":47,"minecraft:interact_with_crafting_table":89,"minecraft:leave_game":4,"minecraft:time_since_death":398404,"minecraft:climb_one_cm":43675,"minecraft:sprint_one_cm":1200941,"minecraft:walk_one_cm":1431823,"minecraft:drop":6,"minecraft:play_time":398404,"minecraft:sneak_time":15378,"minecraft:walk_under_water_one_cm":6946,"minecraft:jump":4643,"minecraft:walk_on_water_one_cm":8850,"minecraft:total_world_time":398404,"minecraft:interact_with_furnace":131,"minecraft:interact_with_stonecutter":33,"minecraft:sleep_in_bed":28,"minecraft:time_since_rest":7684,"minecraft:damage_taken":2663,"minecraft:damage_dealt":7018,"minecraft:swim_one_cm":19955,"minecraft:fly_one_cm":875201,"minecraft:open_chest":288,"minecraft:crouch_one_cm":69292,"minecraft:fall_one_cm":149818},"minecraft:crafted":{"minecraft:oak_door":3,"mcwwindows:oak_plank_parapet":150,"minecraft:oak_planks":280,"mcwwindows:oak_louvered_shutter":3,"minecraft:iron_nugget":9,"mcwroofs:stone_top_roof":5,"biomesoplenty:mahogany_planks":108,"minecraft:cooked_chicken":1,"minecraft:birch_slab":1148,"minecraft:furnace":1,"mcwbridges:oak_log_bridge_stair":6,"minecraft:stone":376,"biomesoplenty:mahogany_slab":6,"mcwroofs:stone_upper_lower_roof":3,"mcwwindows:hammer":1,"minecraft:cooked_mutton":12,"minecraft:glass_pane":16,"minecraft:glass":54,"minecraft:iron_axe":6,"minecraft:ladder":3,"minecraft:chest":3,"biomesoplenty:mahogany_stairs":12,"minecraft:oak_fence":18,"immersiveengineering:ingot_aluminum":16,"mcwwindows:oak_window":80,"minecraft:cooked_beef":6,"minecraft:oak_slab":60,"minecraft:cooked_porkchop":8,"minecraft:crafting_table":1,"mcwwindows:oak_blinds":24,"mcwfences:modern_deepslate_brick_wall":1,"mcwwindows:oak_pane_window":16,"twilightforest:oak_banister":15,"minecraft:copper_ingot":60,"minecraft:birch_planks":872,"mcwbridges:oak_log_bridge_middle":16,"minecraft:air":0,"mcwdoors:print_oak":4,"minecraft:paper":6,"mcwwindows:window_base":96,"mcwroofs:stone_lower_roof":12,"minecraft:oak_stairs":4,"cataclysm:stone_tile_stairs":21,"mcwfences:oak_horse_fence":105,"minecraft:stick":500,"minecraft:iron_ingot":97,"minecraft:iron_pickaxe":2,"minecraft:iron_shovel":3,"minecraft:white_bed":2,"minecraft:deepslate_bricks":8},"minecraft:mined":{"mcwbridges:oak_bridge_pier":2,"minecraft:white_bed":3,"minecraft:attached_melon_stem":1,"minecraft:oak_door":1,"twilightforest:oak_banister":20,"mcwroofs:stone_upper_lower_roof":2,"mcwwindows:oak_louvered_shutter":3,"minecraft:grass_block":423,"cataclysm:stone_tile_stairs":16,"mcwroofs:stone_lower_roof":3,"minecraft:polished_andesite_slab":1,"minecraft:birch_slab":104,"mcwwindows:oak_plank_parapet":40,"minecraft:furnace":4,"immersiveengineering:hemp":23,"minecraft:iron_ore":8,"minecraft:andesite":13,"minecraft:pumpkin":16,"mcwwindows:oak_window":8,"minecraft:pointed_dripstone":1,"minecraft:oak_stairs":2,"mcwwindows:oak_blinds":18,"minecraft:stone":342,"immersiveengineering:ore_aluminum":8,"minecraft:oak_slab":10,"mcwfences:oak_horse_fence":32,"mcwwindows:oak_pane_window":20,"macawsbridgesbop:mahogany_log_bridge_stair":6,"minecraft:oak_fence":4,"minecraft:crafting_table":4,"minecraft:torch":53,"minecraft:melon":93,"minecraft:chest":10,"minecraft:copper_ore":8,"minecraft:glass":23,"minecraft:cobblestone":84,"minecraft:oak_planks":78,"minecraft:sugar_cane":2,"cataclysm:stone_tile_slab":69,"minecraft:wall_torch":24,"minecraft:birch_planks":82,"macawsbridgesbop:mahogany_log_bridge_middle":2,"biomesoplenty:mahogany_log":28,"minecraft:birch_log":221,"mcwlights:cross_wall_lantern":6,"minecraft:birch_leaves":14,"mcwfences:modern_deepslate_brick_wall":37,"minecraft:grass":15,"biomesoplenty:mahogany_stairs":1,"minecraft:oak_log":527,"minecraft:coal_ore":46,"minecraft:sand":57,"minecraft:dirt":231,"minecraft:stonecutter":4,"mcwlights:cross_lantern":1,"minecraft:oak_leaves":97,"minecraft:fern":1},"minecraft:dropped":{"minecraft:iron_ingot":4,"minecraft:wheat_seeds":11,"minecraft:cooked_beef":6,"minecraft:rose_bush":1,"minecraft:string":2,"immersiveengineering:seed":1},"minecraft:broken":{"minecraft:iron_shovel":3,"minecraft:iron_axe":6,"minecraft:iron_pickaxe":2}},"DataVersion":3120}