{"stats":{"minecraft:killed_by":{"man:managgresive":1,"minecraft:skeleton":1},"minecraft:used":{"minecraft:iron_shovel":893,"mcwroofs:stone_bricks_upper_steep_roof":84,"biomesoplenty:mahogany_slab":25,"minecraft:ladder":3,"minecraft:chest":17,"minecraft:iron_sword":251,"minecraft:iron_chestplate":1,"minecraft:carrot":1,"macawsbridgesbop:mahogany_log_bridge_stair":5,"macawsbridgesbop:mahogany_rail_bridge":1,"minecraft:glass":23,"mcwroofs:stone_bricks_upper_lower_roof":60,"minecraft:birch_sapling":18,"minecraft:polished_andesite_stairs":2,"minecraft:iron_helmet":1,"mcwroofs:stone_bricks_roof":621,"mcwfences:oak_highley_gate":5,"minecraft:stone_bricks":23,"biomesoplenty:white_cherry_sapling":3,"biomesoplenty:jacaranda_sapling":7,"minecraft:furnace":9,"minecraft:oak_sapling":81,"mcwfences:modern_deepslate_brick_wall":47,"cataclysm:stone_tile_slab":515,"twilightforest:oak_banister":32,"minecraft:diorite":2,"biomesoplenty:magic_log":1,"minecraft:oak_planks":211,"minecraft:wooden_pickaxe":9,"mcwwindows:oak_blinds":50,"mcwpaths:diorite_crystal_floor":121,"minecraft:sand":2,"minecraft:melon_slice":558,"minecraft:birch_slab":2039,"mcwfences:oak_stockade_fence":67,"mcwwindows:oak_plank_parapet":193,"mcwroofs:stone_lower_roof":79,"minecraft:polished_andesite_slab":7,"minecraft:birch_log":48,"mcwbridges:oak_bridge_pier":2,"minecraft:bone_meal":18,"minecraft:oak_fence":20,"mcwfences:oak_picket_fence":48,"biomesoplenty:cherry_log":6,"minecraft:cooked_chicken":1,"minecraft:oak_door":8,"minecraft:torch":252,"minecraft:dirt":697,"mcwfences:oak_horse_fence":187,"biomesoplenty:mahogany_stairs":15,"minecraft:iron_hoe":1,"minecraft:stone_brick_slab":2,"mcwwindows:oak_louvered_shutter":5,"alexsmobs:maggot":3,"mcwlights:cross_wall_lantern":14,"mcwbridges:oak_log_bridge_middle":3,"minecraft:iron_axe":2471,"minecraft:oak_stairs":16,"mcwroofs:stone_bricks_steep_roof":14,"minecraft:iron_boots":1,"minecraft:melon_seeds":1,"mcwlights:cross_lantern":1,"minecraft:cooked_beef":6,"minecraft:iron_leggings":1,"minecraft:wheat_seeds":37,"minecraft:cooked_mutton":12,"mcwwindows:oak_window":88,"minecraft:birch_planks":614,"minecraft:stonecutter":4,"minecraft:oak_slab":100,"minecraft:crafting_table":8,"minecraft:white_bed":9,"cataclysm:stone_tile_stairs":68,"biomesoplenty:magic_sapling":1,"minecraft:oak_log":442,"mcwroofs:stone_upper_lower_roof":123,"mcwroofs:stone_top_roof":5,"minecraft:iron_pickaxe":2105,"mcwpaths:stone_windmill_weave_slab":55,"mcwbridges:oak_log_bridge_stair":45,"mcwwindows:oak_pane_window":35,"macawsbridgesbop:mahogany_log_bridge_middle":3,"minecraft:cobblestone":35,"minecraft:glass_pane":10},"minecraft:killed":{"minecraft:witch":1,"minecraft:spider":8,"minecraft:skeleton":20,"minecraft:chicken":1,"minecraft:pig":3,"alexsmobs:grizzly_bear":1,"minecraft:sheep":9,"minecraft:pillager":3,"minecraft:zombie":25,"alexsmobs:fly":3,"minecraft:cow":4,"alexsmobs:tasmanian_devil":1,"alexsmobs:gazelle":2},"minecraft:picked_up":{"minecraft:wooden_axe":5,"minecraft:wheat":52,"minecraft:oak_stairs":20,"macawsbridgesbop:mahogany_log_bridge_middle":2,"minecraft:polished_deepslate":40,"alexsmobs:gazelle_horn":3,"minecraft:string":45,"mcwroofs:stone_bricks_lower_roof":1,"minecraft:raw_copper":428,"mcwfences:oak_highley_gate":2,"mcwbridges:oak_bridge_pier":6,"mcwbridges:oak_log_bridge_middle":3,"minecraft:bucket":4,"mcwwindows:oak_louvered_shutter":5,"mcwbridges:stone_brick_bridge_stair":7,"minecraft:rose_bush":10,"unusualprehistory:plant_fossil_item":11,"mcwbridges:oak_log_bridge_stair":11,"minecraft:iron_pickaxe":1,"minecraft:melon_slice":1131,"minecraft:furnace":4,"minecraft:stick":125,"twilightforest:oak_banister":26,"minecraft:oak_fence":14,"minecraft:torch":140,"mcwroofs:stone_bricks_steep_roof":8,"minecraft:porkchop":8,"minecraft:pointed_dripstone":3,"minecraft:diorite":148,"minecraft:rotten_flesh":81,"farmersdelight:onion":9,"minecraft:cobblestone":980,"minecraft:birch_log":435,"minecraft:feather":9,"minecraft:cooked_beef":12,"minecraft:birch_slab":223,"minecraft:andesite":39,"mcwfences:oak_picket_fence":20,"minecraft:flint":4,"cataclysm:stone_tile_slab":131,"minecraft:lapis_lazuli":12,"minecraft:dirt":1199,"immersiveengineering:hemp_fiber":250,"minecraft:bone":39,"minecraft:glass":1,"mcwroofs:stone_bricks_roof":41,"minecraft:stonecutter":4,"minecraft:bow":2,"minecraft:wheat_seeds":177,"mcwwindows:oak_blinds":26,"minecraft:moss_block":22,"biomesoplenty:cherry_log":16,"minecraft:oak_planks":184,"biomesoplenty:mahogany_planks":61,"biomesoplenty:magic_sapling":3,"minecraft:cooked_porkchop":16,"mcwwindows:oak_plank_parapet":91,"patchouli:guide_book":4,"minecraft:sand":56,"mcwroofs:stone_bricks_upper_steep_roof":29,"immersiveengineering:raw_aluminum":38,"biomesoplenty:white_cherry_sapling":4,"alexsmobs:animal_dictionary":4,"cataclysm:stone_tiles":4,"mcwfences:oak_stockade_fence":10,"minecraft:iron_hoe":2,"minecraft:polished_andesite":2,"minecraft:granite":31,"minecraft:emerald":8,"alexsmobs:maggot":16,"minecraft:oak_sapling":194,"minecraft:allium":26,"minecraft:azure_bluet":7,"minecraft:cocoa_beans":27,"minecraft:crafting_table":9,"macawsbridgesbop:mahogany_log_bridge_stair":11,"mcwroofs:stone_lower_roof":6,"minecraft:chicken":1,"minecraft:ladder":3,"minecraft:clay_ball":144,"mcwroofs:stone_bricks_upper_lower_roof":35,"cataclysm:stone_tile_stairs":31,"minecraft:wooden_pickaxe":1,"biomesoplenty:jacaranda_sapling":7,"mcwdoors:print_oak":4,"gravestone:obituary":11,"minecraft:cornflower":5,"immersiveengineering:ingot_aluminum":16,"minecraft:iron_axe":1,"minecraft:beef":11,"mcwroofs:stone_upper_lower_roof":2,"minecraft:iron_nugget":8,"minecraft:poppy":41,"minecraft:sugar_cane":6,"minecraft:chest":12,"minecraft:birch_sapling":28,"minecraft:egg":18,"minecraft:raw_iron":128,"minecraft:stone":52,"minecraft:oak_door":11,"minecraft:copper_ingot":120,"mcwlights:cross_wall_lantern":14,"minecraft:carrot":12,"minecraft:redstone":82,"minecraft:arrow":29,"biomesoplenty:jacaranda_log":4,"mcwpaths:stone_windmill_weave_slab":19,"biomesoplenty:mahogany_stairs":5,"minecraft:mutton":21,"minecraft:white_wool":11,"minecraft:oxeye_daisy":2,"mcwroofs:stone_upper_steep_roof":2,"mcwfences:modern_deepslate_brick_wall":39,"minecraft:leather":17,"mcwlights:cross_lantern":1,"minecraft:birch_planks":209,"minecraft:oak_log":921,"mcwwindows:oak_window":16,"mcwwindows:oak_pane_window":21,"minecraft:paper":2,"minecraft:white_banner":3,"man:cassette_1safetyinstructions":2,"biomesoplenty:mahogany_slab":42,"minecraft:cooked_mutton":12,"mcwpaths:diorite_crystal_floor":12,"minecraft:apple":15,"minecraft:stone_bricks":454,"mcwwindows:hammer":1,"minecraft:spore_blossom":3,"minecraft:iron_ingot":112,"minecraft:cooked_chicken":2,"biomesoplenty:magic_log":13,"minecraft:polished_andesite_slab":1,"minecraft:iron_sword":1,"minecraft:oak_slab":42,"minecraft:polished_andesite_stairs":38,"minecraft:pumpkin":84,"minecraft:dandelion":23,"minecraft:stone_brick_slab":5,"minecraft:gravel":66,"minecraft:white_bed":7,"minecraft:spider_eye":7,"macawsbridgesbop:mahogany_rail_bridge":4,"biomesoplenty:mahogany_log":27,"mcwfences:oak_horse_fence":112,"immersiveengineering:seed":124,"minecraft:stone_axe":2,"minecraft:gray_wool":3,"minecraft:terracotta":10,"minecraft:baked_potato":1,"minecraft:black_wool":3,"minecraft:melon_seeds":7,"minecraft:coal":442,"unusualprehistory:mezo_fossil":18},"minecraft:custom":{"minecraft:animals_bred":6,"minecraft:interact_with_crafting_table":166,"minecraft:leave_game":9,"minecraft:time_since_death":38153,"minecraft:sprint_one_cm":2718347,"minecraft:drop":58,"minecraft:play_time":787675,"minecraft:deaths":2,"minecraft:jump":8760,"minecraft:walk_on_water_one_cm":25163,"minecraft:interact_with_furnace":234,"minecraft:sleep_in_bed":43,"minecraft:damage_dealt":13754,"minecraft:crouch_one_cm":136956,"minecraft:mob_kills":81,"minecraft:climb_one_cm":92747,"minecraft:walk_one_cm":2764450,"minecraft:sneak_time":33421,"minecraft:walk_under_water_one_cm":10116,"minecraft:total_world_time":787675,"minecraft:interact_with_stonecutter":84,"minecraft:time_since_rest":14040,"minecraft:damage_taken":7264,"minecraft:swim_one_cm":75257,"minecraft:fly_one_cm":1571618,"minecraft:open_chest":603,"minecraft:fall_one_cm":318446},"minecraft:crafted":{"minecraft:oak_planks":560,"mcwwindows:oak_louvered_shutter":3,"mcwroofs:stone_bricks_upper_steep_roof":7,"minecraft:cooked_chicken":1,"mcwroofs:stone_bricks_upper_lower_roof":1,"minecraft:birch_slab":1916,"minecraft:stone":791,"mcwbridges:oak_log_bridge_stair":36,"mcwfences:oak_highley_gate":3,"biomesoplenty:mahogany_slab":6,"mcwwindows:hammer":1,"minecraft:cooked_mutton":12,"minecraft:glass":54,"mcwpaths:stone_windmill_weave_slab":44,"cataclysm:stone_tile_slab":48,"minecraft:chest":5,"minecraft:stone_bricks":1,"minecraft:oak_fence":45,"immersiveengineering:ingot_aluminum":16,"minecraft:oak_slab":174,"minecraft:cooked_porkchop":8,"minecraft:crafting_table":4,"mcwwindows:oak_blinds":24,"mcwwindows:oak_pane_window":16,"minecraft:copper_ingot":60,"mcwroofs:stone_bricks_roof":3,"minecraft:birch_planks":1468,"mcwbridges:oak_log_bridge_middle":36,"minecraft:paper":6,"mcwwindows:window_base":96,"cataclysm:stone_tile_stairs":21,"minecraft:stick":604,"minecraft:iron_ingot":97,"minecraft:iron_pickaxe":7,"minecraft:deepslate_bricks":8,"minecraft:oak_door":9,"mcwwindows:oak_plank_parapet":150,"minecraft:iron_nugget":9,"mcwroofs:stone_top_roof":5,"biomesoplenty:mahogany_planks":108,"minecraft:furnace":5,"minecraft:bone_meal":18,"mcwroofs:stone_upper_lower_roof":3,"cataclysm:stone_tiles":21,"minecraft:glass_pane":16,"minecraft:ladder":3,"minecraft:iron_axe":11,"mcwfences:oak_stockade_fence":57,"mcwroofs:stone_bricks_lower_roof":1,"biomesoplenty:mahogany_stairs":12,"mcwwindows:oak_window":80,"minecraft:cooked_beef":6,"mcwroofs:stone_bricks_steep_roof":15,"twilightforest:oak_banister":15,"mcwfences:oak_picket_fence":30,"mcwfences:modern_deepslate_brick_wall":1,"minecraft:iron_sword":2,"minecraft:air":0,"mcwdoors:print_oak":4,"mcwroofs:stone_lower_roof":12,"mcwfences:oak_horse_fence":147,"mcwpaths:stone_windmill_weave":4,"minecraft:oak_stairs":4,"minecraft:iron_shovel":3,"minecraft:white_bed":2,"minecraft:torch":116},"minecraft:mined":{"minecraft:attached_melon_stem":1,"minecraft:white_bed":3,"biomesoplenty:cherry_log":16,"twilightforest:oak_banister":20,"mcwbridges:oak_log_bridge_stair":11,"mcwwindows:oak_louvered_shutter":5,"minecraft:granite":31,"minecraft:grass_block":592,"mcwroofs:stone_lower_roof":3,"unusualprehistory:plant_fossil":11,"bushierflowers:grown_dandelion":6,"minecraft:iron_ore":58,"minecraft:pumpkin":16,"mcwfences:oak_picket_fence":20,"minecraft:azure_bluet":1,"minecraft:pointed_dripstone":1,"minecraft:oak_stairs":10,"mcwwindows:oak_blinds":26,"bushierflowers:grown_poppy":21,"biomesoplenty:jacaranda_leaves":31,"mcwroofs:stone_bricks_roof":44,"macawsbridgesbop:mahogany_log_bridge_stair":7,"minecraft:torch":75,"minecraft:poppy":1,"mcwroofs:stone_bricks_steep_roof":8,"minecraft:melon":141,"minecraft:chest":10,"minecraft:glass":23,"minecraft:cobblestone":91,"minecraft:sugar_cane":2,"minecraft:oak_planks":115,"cataclysm:stone_tile_slab":73,"minecraft:wall_torch":46,"bushierflowers:grown_azure_bluet":3,"minecraft:birch_log":436,"minecraft:wheat":37,"unusualprehistory:stone_fossil":18,"mcwlights:cross_wall_lantern":6,"minecraft:grass":58,"mcwfences:modern_deepslate_brick_wall":39,"minecraft:oak_log":906,"minecraft:sand":57,"minecraft:dirt":280,"bushierflowers:grown_oxeye_daisy":1,"minecraft:stonecutter":4,"minecraft:oak_leaves":165,"mcwlights:cross_lantern":1,"mcwpaths:diorite_crystal_floor":13,"mcwbridges:oak_bridge_pier":2,"mcwfences:oak_highley_gate":2,"minecraft:oak_door":6,"farmersdelight:wild_carrots":8,"mcwroofs:stone_upper_lower_roof":2,"gravestone:gravestone":2,"minecraft:allium":9,"cataclysm:stone_tile_stairs":25,"mcwpaths:stone_windmill_weave_slab":19,"minecraft:polished_andesite_slab":1,"minecraft:birch_slab":170,"mcwwindows:oak_plank_parapet":41,"farmersdelight:wild_onions":10,"biomesoplenty:jacaranda_log":4,"minecraft:redstone_ore":2,"minecraft:furnace":4,"immersiveengineering:hemp":51,"minecraft:andesite":13,"mcwwindows:oak_window":8,"biomesoplenty:magic_log":7,"minecraft:deepslate_iron_ore":6,"minecraft:stone":881,"immersiveengineering:ore_aluminum":38,"minecraft:oak_slab":20,"mcwfences:oak_horse_fence":50,"mcwwindows:oak_pane_window":21,"minecraft:stone_brick_slab":1,"mcwroofs:stone_bricks_upper_steep_roof":25,"minecraft:dandelion":12,"minecraft:cornflower":3,"bushierflowers:grown_cornflower":1,"minecraft:oak_fence":4,"minecraft:crafting_table":9,"minecraft:rose_bush":7,"mcwroofs:stone_bricks_upper_lower_roof":34,"minecraft:tall_grass":4,"minecraft:copper_ore":116,"mcwbridges:oak_log_bridge_middle":3,"mcwfences:oak_stockade_fence":10,"minecraft:diorite":150,"minecraft:birch_planks":211,"macawsbridgesbop:mahogany_log_bridge_middle":2,"biomesoplenty:white_cherry_leaves":45,"biomesoplenty:mahogany_log":28,"minecraft:birch_leaves":17,"minecraft:coal_ore":255,"biomesoplenty:mahogany_stairs":1,"minecraft:gravel":50,"minecraft:stone_bricks":127,"minecraft:fern":1},"minecraft:dropped":{"minecraft:iron_sword":1,"mcwroofs:stone_bricks_upper_steep_roof":4,"minecraft:lapis_lazuli":4,"minecraft:cooked_beef":6,"minecraft:spore_blossom":1,"minecraft:birch_slab":5,"mcwroofs:stone_bricks_upper_lower_roof":1,"gravestone:obituary":1,"minecraft:carrot":3,"patchouli:guide_book":1,"mcwfences:oak_horse_fence":31,"immersiveengineering:seed":1,"minecraft:iron_ingot":4,"minecraft:wheat_seeds":17,"mcwroofs:stone_bricks_lower_roof":1,"minecraft:wooden_axe":1,"minecraft:rose_bush":1,"minecraft:melon_slice":26,"minecraft:white_banner":1,"minecraft:iron_axe":1,"minecraft:string":2,"minecraft:raw_iron":21},"minecraft:broken":{"minecraft:iron_shovel":4,"minecraft:iron_sword":1,"minecraft:iron_axe":10,"minecraft:iron_pickaxe":8,"minecraft:iron_helmet":1}},"DataVersion":3120}