{"stats":{"minecraft:used":{"minecraft:oak_fence":16,"minecraft:iron_shovel":656,"mcwroofs:stone_bricks_upper_steep_roof":28,"biomesoplenty:mahogany_slab":25,"minecraft:ladder":3,"minecraft:chest":16,"minecraft:iron_sword":147,"minecraft:oak_door":7,"minecraft:iron_chestplate":1,"minecraft:torch":163,"minecraft:dirt":626,"macawsbridgesbop:mahogany_log_bridge_stair":4,"mcwfences:oak_horse_fence":112,"macawsbridgesbop:mahogany_rail_bridge":1,"biomesoplenty:mahogany_stairs":15,"minecraft:glass":23,"minecraft:iron_hoe":1,"alexsmobs:maggot":3,"mcwwindows:oak_louvered_shutter":5,"mcwroofs:stone_bricks_upper_lower_roof":24,"mcwbridges:oak_log_bridge_middle":3,"mcwlights:cross_wall_lantern":14,"minecraft:iron_axe":1620,"minecraft:oak_stairs":16,"minecraft:birch_sapling":3,"minecraft:polished_andesite_stairs":2,"mcwroofs:stone_bricks_steep_roof":2,"mcwroofs:stone_bricks_roof":81,"minecraft:iron_helmet":1,"minecraft:iron_boots":1,"minecraft:melon_seeds":1,"mcwlights:cross_lantern":1,"minecraft:oak_sapling":15,"minecraft:furnace":7,"mcwfences:modern_deepslate_brick_wall":37,"minecraft:cooked_beef":6,"cataclysm:stone_tile_slab":355,"twilightforest:oak_banister":32,"minecraft:iron_leggings":1,"mcwwindows:oak_window":88,"minecraft:birch_planks":414,"minecraft:oak_planks":188,"minecraft:wooden_pickaxe":9,"minecraft:stonecutter":4,"mcwwindows:oak_blinds":50,"minecraft:sand":2,"minecraft:oak_slab":16,"minecraft:crafting_table":4,"minecraft:white_bed":9,"cataclysm:stone_tile_stairs":58,"minecraft:oak_log":338,"mcwroofs:stone_upper_lower_roof":123,"minecraft:birch_slab":1446,"minecraft:iron_pickaxe":1352,"minecraft:melon_slice":317,"mcwroofs:stone_top_roof":5,"mcwbridges:oak_log_bridge_stair":12,"mcwwindows:oak_plank_parapet":180,"mcwroofs:stone_lower_roof":79,"mcwwindows:oak_pane_window":35,"minecraft:polished_andesite_slab":7,"macawsbridgesbop:mahogany_log_bridge_middle":3,"minecraft:cobblestone":34,"minecraft:birch_log":2,"minecraft:glass_pane":10,"mcwbridges:oak_bridge_pier":2},"minecraft:killed":{"minecraft:spider":6,"alexsmobs:tasmanian_devil":1,"minecraft:skeleton":11,"minecraft:chicken":1,"minecraft:pig":3,"minecraft:sheep":9,"minecraft:pillager":3,"minecraft:zombie":10,"alexsmobs:gazelle":2,"alexsmobs:fly":2,"minecraft:cow":3},"minecraft:picked_up":{"minecraft:wooden_axe":5,"minecraft:cocoa_beans":27,"minecraft:crafting_table":5,"minecraft:wheat":16,"macawsbridgesbop:mahogany_log_bridge_stair":10,"mcwroofs:stone_lower_roof":6,"minecraft:chicken":1,"minecraft:ladder":3,"minecraft:clay_ball":144,"cataclysm:stone_tile_stairs":22,"minecraft:wooden_pickaxe":1,"minecraft:oak_stairs":20,"mcwdoors:print_oak":4,"macawsbridgesbop:mahogany_log_bridge_middle":2,"gravestone:obituary":11,"immersiveengineering:ingot_aluminum":16,"minecraft:polished_deepslate":40,"alexsmobs:gazelle_horn":3,"minecraft:string":43,"mcwroofs:stone_bricks_lower_roof":1,"minecraft:raw_copper":428,"minecraft:iron_axe":1,"mcwbridges:oak_bridge_pier":6,"mcwbridges:oak_log_bridge_middle":3,"minecraft:bucket":4,"mcwbridges:stone_brick_bridge_stair":7,"mcwwindows:oak_louvered_shutter":5,"minecraft:beef":6,"minecraft:rose_bush":3,"mcwroofs:stone_upper_lower_roof":2,"minecraft:iron_nugget":8,"minecraft:iron_pickaxe":1,"minecraft:melon_slice":1036,"minecraft:sugar_cane":6,"minecraft:chest":12,"minecraft:birch_sapling":21,"minecraft:furnace":4,"minecraft:stick":98,"minecraft:raw_iron":93,"minecraft:stone":52,"minecraft:oak_door":11,"minecraft:copper_ingot":120,"twilightforest:oak_banister":26,"minecraft:oak_fence":14,"minecraft:carrot":1,"minecraft:torch":104,"mcwroofs:stone_bricks_steep_roof":2,"minecraft:porkchop":8,"minecraft:pointed_dripstone":3,"mcwlights:cross_wall_lantern":14,"minecraft:redstone":72,"minecraft:arrow":24,"minecraft:rotten_flesh":65,"biomesoplenty:mahogany_stairs":5,"minecraft:mutton":18,"minecraft:white_wool":9,"minecraft:cobblestone":658,"mcwroofs:stone_upper_steep_roof":2,"minecraft:birch_log":261,"mcwfences:modern_deepslate_brick_wall":37,"minecraft:feather":9,"minecraft:cooked_beef":12,"minecraft:birch_slab":148,"minecraft:andesite":39,"minecraft:leather":16,"mcwlights:cross_lantern":1,"minecraft:birch_planks":122,"minecraft:oak_log":590,"minecraft:paper":2,"mcwwindows:oak_window":16,"cataclysm:stone_tile_slab":127,"minecraft:lapis_lazuli":12,"mcwwindows:oak_pane_window":21,"minecraft:dirt":918,"minecraft:white_banner":3,"man:cassette_1safetyinstructions":2,"biomesoplenty:mahogany_slab":42,"minecraft:cooked_mutton":12,"immersiveengineering:hemp_fiber":208,"minecraft:stone_bricks":426,"minecraft:glass":1,"minecraft:bone":32,"mcwroofs:stone_bricks_roof":4,"mcwwindows:hammer":1,"minecraft:apple":11,"minecraft:bow":1,"minecraft:stonecutter":4,"minecraft:wheat_seeds":66,"minecraft:spore_blossom":3,"minecraft:iron_ingot":112,"minecraft:cooked_chicken":2,"mcwwindows:oak_blinds":26,"minecraft:moss_block":22,"minecraft:polished_andesite_slab":1,"minecraft:iron_sword":1,"biomesoplenty:mahogany_planks":61,"minecraft:oak_planks":157,"minecraft:oak_slab":32,"minecraft:polished_andesite_stairs":38,"minecraft:cooked_porkchop":16,"minecraft:pumpkin":84,"mcwwindows:oak_plank_parapet":90,"patchouli:guide_book":4,"minecraft:stone_brick_slab":3,"mcwroofs:stone_bricks_upper_steep_roof":11,"minecraft:sand":56,"immersiveengineering:raw_aluminum":38,"cataclysm:stone_tiles":4,"minecraft:white_bed":7,"minecraft:spider_eye":5,"alexsmobs:animal_dictionary":4,"macawsbridgesbop:mahogany_rail_bridge":4,"biomesoplenty:mahogany_log":27,"minecraft:iron_hoe":2,"minecraft:polished_andesite":2,"mcwfences:oak_horse_fence":103,"immersiveengineering:seed":103,"minecraft:stone_axe":2,"minecraft:gray_wool":3,"minecraft:emerald":8,"minecraft:terracotta":10,"alexsmobs:maggot":15,"minecraft:oak_sapling":158,"minecraft:black_wool":3,"minecraft:melon_seeds":7,"minecraft:coal":422,"mcwroofs:stone_bricks_upper_lower_roof":13},"minecraft:custom":{"minecraft:mob_kills":51,"minecraft:interact_with_crafting_table":103,"minecraft:leave_game":4,"minecraft:time_since_death":494404,"minecraft:climb_one_cm":47225,"minecraft:sprint_one_cm":1489744,"minecraft:walk_one_cm":1732330,"minecraft:drop":56,"minecraft:play_time":494404,"minecraft:sneak_time":17925,"minecraft:walk_under_water_one_cm":7917,"minecraft:jump":5550,"minecraft:walk_on_water_one_cm":15008,"minecraft:total_world_time":494404,"minecraft:interact_with_furnace":176,"minecraft:interact_with_stonecutter":47,"minecraft:sleep_in_bed":33,"minecraft:time_since_rest":12916,"minecraft:damage_taken":3605,"minecraft:damage_dealt":7868,"minecraft:swim_one_cm":37528,"minecraft:fly_one_cm":985525,"minecraft:open_chest":370,"minecraft:crouch_one_cm":76250,"minecraft:fall_one_cm":182826},"minecraft:crafted":{"minecraft:oak_door":6,"mcwwindows:oak_plank_parapet":150,"minecraft:oak_planks":352,"mcwwindows:oak_louvered_shutter":3,"mcwroofs:stone_bricks_upper_steep_roof":7,"minecraft:iron_nugget":9,"mcwroofs:stone_top_roof":5,"biomesoplenty:mahogany_planks":108,"minecraft:cooked_chicken":1,"mcwroofs:stone_bricks_upper_lower_roof":1,"minecraft:birch_slab":1310,"minecraft:furnace":3,"mcwbridges:oak_log_bridge_stair":12,"minecraft:stone":528,"biomesoplenty:mahogany_slab":6,"mcwroofs:stone_upper_lower_roof":3,"mcwwindows:hammer":1,"minecraft:cooked_mutton":12,"minecraft:glass_pane":16,"minecraft:glass":54,"mcwroofs:stone_bricks_lower_roof":1,"minecraft:iron_axe":7,"minecraft:ladder":3,"minecraft:chest":4,"biomesoplenty:mahogany_stairs":12,"minecraft:oak_fence":18,"immersiveengineering:ingot_aluminum":16,"mcwwindows:oak_window":80,"minecraft:cooked_beef":6,"minecraft:oak_slab":60,"mcwroofs:stone_bricks_steep_roof":15,"minecraft:cooked_porkchop":8,"minecraft:crafting_table":2,"mcwwindows:oak_blinds":24,"mcwfences:modern_deepslate_brick_wall":1,"mcwwindows:oak_pane_window":16,"twilightforest:oak_banister":15,"minecraft:iron_sword":1,"mcwroofs:stone_bricks_roof":1,"minecraft:copper_ingot":60,"minecraft:birch_planks":1036,"mcwbridges:oak_log_bridge_middle":16,"minecraft:air":0,"mcwdoors:print_oak":4,"minecraft:paper":6,"mcwwindows:window_base":96,"mcwroofs:stone_lower_roof":12,"minecraft:oak_stairs":4,"cataclysm:stone_tile_stairs":21,"mcwfences:oak_horse_fence":105,"minecraft:stick":528,"minecraft:iron_ingot":97,"minecraft:iron_pickaxe":4,"minecraft:iron_shovel":3,"minecraft:white_bed":2,"minecraft:torch":28,"minecraft:deepslate_bricks":8},"minecraft:mined":{"mcwbridges:oak_bridge_pier":2,"minecraft:white_bed":3,"minecraft:attached_melon_stem":1,"minecraft:oak_door":6,"twilightforest:oak_banister":20,"mcwroofs:stone_upper_lower_roof":2,"mcwwindows:oak_louvered_shutter":5,"minecraft:grass_block":423,"cataclysm:stone_tile_stairs":16,"mcwroofs:stone_lower_roof":3,"minecraft:polished_andesite_slab":1,"minecraft:birch_slab":114,"mcwwindows:oak_plank_parapet":40,"minecraft:furnace":4,"immersiveengineering:hemp":35,"minecraft:iron_ore":29,"minecraft:andesite":13,"minecraft:pumpkin":16,"mcwwindows:oak_window":8,"minecraft:pointed_dripstone":1,"minecraft:oak_stairs":10,"mcwwindows:oak_blinds":26,"minecraft:stone":564,"immersiveengineering:ore_aluminum":38,"minecraft:oak_slab":10,"mcwfences:oak_horse_fence":41,"mcwroofs:stone_bricks_roof":6,"mcwwindows:oak_pane_window":21,"mcwroofs:stone_bricks_upper_steep_roof":7,"macawsbridgesbop:mahogany_log_bridge_stair":6,"minecraft:oak_fence":4,"minecraft:crafting_table":5,"minecraft:torch":55,"mcwroofs:stone_bricks_steep_roof":2,"minecraft:melon":124,"minecraft:chest":10,"mcwroofs:stone_bricks_upper_lower_roof":12,"minecraft:tall_grass":1,"minecraft:copper_ore":116,"minecraft:glass":23,"minecraft:cobblestone":86,"mcwbridges:oak_log_bridge_middle":3,"minecraft:oak_planks":86,"minecraft:sugar_cane":2,"cataclysm:stone_tile_slab":69,"minecraft:wall_torch":33,"minecraft:birch_planks":122,"macawsbridgesbop:mahogany_log_bridge_middle":2,"biomesoplenty:mahogany_log":28,"minecraft:birch_log":262,"mcwlights:cross_wall_lantern":6,"minecraft:birch_leaves":15,"mcwfences:modern_deepslate_brick_wall":37,"minecraft:grass":16,"biomesoplenty:mahogany_stairs":1,"minecraft:oak_log":574,"minecraft:coal_ore":235,"minecraft:sand":57,"minecraft:dirt":231,"minecraft:stone_bricks":104,"minecraft:stonecutter":4,"mcwlights:cross_lantern":1,"minecraft:oak_leaves":104,"minecraft:fern":1},"minecraft:dropped":{"mcwroofs:stone_bricks_upper_steep_roof":4,"minecraft:iron_ingot":4,"minecraft:wheat_seeds":11,"minecraft:lapis_lazuli":4,"minecraft:cooked_beef":6,"minecraft:spore_blossom":1,"minecraft:birch_slab":5,"mcwroofs:stone_bricks_lower_roof":1,"mcwroofs:stone_bricks_upper_lower_roof":1,"minecraft:melon_slice":26,"minecraft:wooden_axe":1,"minecraft:rose_bush":1,"gravestone:obituary":1,"minecraft:white_banner":1,"minecraft:iron_axe":1,"minecraft:string":2,"minecraft:raw_iron":21,"patchouli:guide_book":1,"mcwfences:oak_horse_fence":31,"immersiveengineering:seed":1,"minecraft:iron_sword":1},"minecraft:broken":{"minecraft:iron_shovel":3,"minecraft:iron_axe":7,"minecraft:iron_pickaxe":5}},"DataVersion":3120}